horas_estudo,acessos_semana,atividades_concluidas,faltas,nota_final,tempo_medio_sessao
18.7,3,8,7,6.7,8.9
47.5,4,13,2,0.3,82.6
36.6,7,2,6,7.3,51.5
29.9,13,19,10,8.4,56.2
7.8,3,15,7,4.2,105.5
7.8,9,1,9,7.6,58.1
2.9,8,9,10,1.7,7.4
43.3,4,2,2,3.2,31.2
30.1,13,10,1,9.7,59.7
35.4,1,10,9,9.9,53.8
1.0,1,20,6,5.1,103.9
48.5,1,20,8,9.3,67.3
41.6,1,12,0,5.2,84.3
10.6,8,6,2,2.9,59.0
9.1,3,16,4,2.7,55.6
9.2,6,1,2,9.3,56.3
15.2,3,11,0,1.7,52.3
26.2,11,9,6,5.8,66.9
21.6,5,17,6,5.6,33.8
14.6,13,10,9,7.4,107.5
30.6,14,15,7,5.0,43.3
7.0,13,16,4,2.7,22.0
14.6,7,18,9,1.7,16.1
18.3,2,17,4,6.2,6.5
22.8,6,2,4,7.2,53.6
39.3,13,20,0,5.7,26.6
10.0,6,15,9,7.4,7.5
25.7,11,5,4,1.4,64.8
29.6,3,11,5,8.8,83.2
2.3,6,10,0,5.8,14.9
30.4,10,14,10,1.3,58.0
8.5,10,14,6,4.6,90.5
3.3,14,15,0,8.4,118.4
47.4,5,9,10,9.0,81.7
48.3,12,11,1,2.6,33.2
40.4,2,12,1,7.1,87.4
15.2,9,3,4,1.0,73.8
4.9,8,6,9,0.3,29.4
34.2,3,1,6,5.6,102.9
22.0,8,14,0,6.9,54.2
6.1,14,7,9,8.0,115.6
24.8,9,6,0,3.4,88.1
1.7,14,14,0,0.1,79.1
45.5,3,13,5,4.8,88.8
12.9,3,7,1,0.2,60.0
33.1,2,11,0,0.9,63.1
15.6,8,12,5,3.3,102.9
26.0,10,10,1,4.4,83.3
27.3,1,16,5,2.8,108.2
9.2,8,16,9,5.8,107.4
48.5,7,3,7,0.6,117.3
38.8,14,20,1,1.4,85.5
47.0,7,7,10,7.0,62.8
44.7,3,4,8,1.4,24.1
29.9,1,15,7,6.4,86.1
46.1,4,3,9,0.5,38.5
4.4,9,14,0,4.1,37.5
9.8,5,11,6,1.8,32.4
2.3,1,4,9,1.1,105.6
16.3,5,15,5,5.7,104.8
19.4,13,13,5,9.3,77.6
13.6,8,9,5,0.5,59.4
41.4,8,6,5,4.2,82.3
17.8,5,12,9,7.1,74.8
14.0,12,19,6,4.6,52.8
27.1,9,4,2,8.1,48.7
7.0,1,2,5,1.8,49.0
40.1,4,14,2,9.6,72.8
3.7,3,3,6,3.9,79.5
49.3,2,14,6,3.4,57.0
38.6,8,13,7,8.7,116.4
9.9,7,19,1,5.6,14.6
0.3,9,18,8,5.2,44.9
40.8,2,12,4,7.3,53.2
35.3,14,9,8,5.8,6.9
36.5,14,20,9,1.6,47.0
38.6,4,4,4,6.7,36.5
3.7,14,19,6,1.3,63.2
17.9,6,19,10,8.1,43.7
5.8,11,5,8,9.9,88.5
43.2,3,3,3,3.8,63.6
31.2,8,1,1,4.4,19.9
16.5,3,15,8,0.5,91.3
3.2,14,17,1,0.1,16.4
15.5,12,4,2,9.2,101.5
16.3,13,3,9,1.3,112.1
36.5,13,12,1,4.5,42.1
31.9,2,18,2,8.2,111.5
44.4,13,1,5,8.9,96.2
23.6,13,12,2,5.2,111.1
6.0,3,10,9,5.7,81.6
35.7,11,3,7,6.7,32.1
38.0,6,19,10,9.6,107.9
28.1,2,19,5,6.0,26.2
38.5,8,14,6,5.6,29.5
24.7,1,3,0,0.1,36.2
26.1,7,8,2,0.8,40.0
21.4,2,6,2,5.8,64.2
1.3,10,18,1,9.4,87.0
5.4,12,18,6,8.7,111.5
1.6,6,5,8,9.8,15.2
31.8,12,5,3,5.3,114.8
15.7,2,19,4,7.9,111.0
25.4,2,14,2,8.4,11.2
45.4,10,14,10,6.5,46.4
12.5,13,19,8,3.4,98.5
20.5,8,8,3,4.7,75.3
37.8,12,3,4,8.6,94.6
11.4,2,17,0,3.0,87.7
3.8,7,17,10,9.2,62.1
14.5,3,4,1,2.3,9.7
8.1,8,19,8,7.5,72.2
46.5,7,10,1,6.3,10.6
40.4,14,4,4,7.5,74.4
31.7,8,3,7,4.4,97.0
43.6,14,11,2,9.3,72.3
40.2,7,1,5,6.3,119.7
9.3,11,12,3,2.9,57.4
44.6,6,9,10,6.4,91.1
27.0,13,8,6,2.9,81.7
40.4,7,9,9,2.9,119.0
44.8,5,6,2,4.0,87.0
15.9,7,3,5,8.5,23.9
5.5,1,18,9,5.0,114.9
11.4,1,9,8,6.8,81.8
21.4,9,2,10,3.9,11.8
40.9,14,20,9,2.6,80.6
43.0,5,18,0,9.5,106.6
0.3,13,20,2,6.0,71.4
25.5,5,1,1,9.3,45.7
20.9,3,19,7,2.0,99.4
11.1,5,9,6,1.5,95.0
6.0,3,1,1,8.6,67.6
16.9,9,1,5,6.8,22.8
47.1,9,16,2,1.9,33.9
16.2,6,15,7,2.7,89.9
25.9,1,15,9,8.0,97.7
35.2,7,13,2,4.5,37.1
18.2,7,6,9,6.7,47.3
48.6,14,20,8,3.2,13.9
48.1,10,10,0,3.8,87.0
12.6,10,0,4,9.9,5.4
24.9,4,10,2,2.5,10.4
15.0,8,20,5,5.1,5.5
14.2,6,3,9,8.4,79.2
1.8,4,6,1,2.4,53.0
30.5,4,14,8,4.2,39.2
25.1,2,17,5,6.2,110.0
2.6,14,11,6,4.8,27.2
13.9,2,16,4,4.6,49.8
45.4,12,0,8,3.6,113.1
12.0,14,10,0,5.9,54.1
7.2,4,0,4,6.2,68.8
24.5,5,14,10,6.5,14.2
49.3,8,20,9,0.7,95.9
12.1,6,9,10,6.3,53.6
33.6,14,6,5,9.5,97.1
38.1,4,1,6,5.4,34.2
11.9,13,9,3,7.2,53.6
36.4,11,3,0,5.6,95.5
18.4,7,11,10,8.5,117.0
31.6,8,18,7,9.3,11.9
31.7,2,10,9,1.8,98.4
26.8,12,7,3,4.4,39.6
4.5,7,17,2,3.9,68.3
41.8,14,10,6,4.1,38.4
16.0,2,10,1,1.3,75.5
9.3,2,12,7,8.1,45.7
2.0,8,2,5,0.4,43.4
29.5,2,11,6,5.3,9.4
33.9,11,2,4,6.6,21.9
0.8,9,9,8,2.1,110.5
25.6,12,16,4,9.1,119.8
11.3,1,1,10,8.4,94.8
32.3,9,16,4,4.7,38.0
8.7,1,15,2,4.1,51.3
34.5,10,1,10,2.4,90.0
19.3,13,19,0,7.3,116.4
46.8,10,5,1,1.3,57.4
6.9,2,9,7,6.8,100.4
17.1,6,9,0,8.4,117.1
5.7,6,7,6,2.3,105.4
46.2,1,0,4,8.7,31.1
43.9,7,12,2,0.3,5.9
12.9,8,8,10,9.1,61.6
33.0,2,9,6,1.2,66.1
40.9,8,14,8,6.5,28.1
27.8,9,4,1,2.5,37.7
26.5,6,15,7,8.4,93.0
12.1,5,12,8,5.1,59.1
4.7,12,19,10,1.4,41.5
44.9,9,17,2,5.7,76.6
45.0,13,10,1,4.1,80.1
31.7,12,8,6,6.6,93.5
17.0,11,15,4,8.8,23.0
17.5,9,1,4,4.1,90.3
36.3,1,1,9,2.9,73.9
44.9,11,11,4,0.1,11.6
44.4,3,7,3,5.7,94.4
39.0,9,8,4,4.0,49.1
32.1,11,11,3,3.7,43.0
4.2,2,8,5,1.8,56.5
8.1,12,9,3,4.3,44.8
44.9,4,1,1,9.8,43.9
30.3,4,15,8,3.0,97.9
0.5,2,19,1,6.0,19.3
5.1,3,6,8,7.8,116.6
33.2,13,1,9,7.5,68.8
0.3,3,0,5,3.3,26.0
8.0,1,18,8,6.1,20.1
27.4,6,3,8,8.7,73.0
34.6,8,1,2,0.2,77.8
32.6,12,13,0,4.4,11.1
11.2,3,1,0,2.2,32.9
35.6,5,14,2,3.9,96.5
11.9,1,11,4,4.2,10.7
16.3,10,4,2,7.5,103.3
37.3,7,19,8,0.9,80.7
32.5,10,6,8,5.1,55.0
42.5,13,20,2,5.6,44.8
32.9,1,9,2,4.9,7.2
28.4,12,13,4,7.3,99.9
4.7,11,13,1,3.8,21.4
18.4,9,4,5,9.4,40.6
13.3,8,17,6,4.8,70.4
12.2,7,13,8,5.7,33.3
48.7,10,1,5,8.3,62.2
19.7,7,11,2,2.8,98.1
44.6,5,5,4,0.8,59.1
31.6,5,3,3,7.1,114.1
39.7,11,12,4,4.8,102.5
25.1,13,3,7,9.0,43.3
28.8,5,13,7,9.8,51.0
24.6,1,15,5,4.0,53.7
9.8,8,3,0,4.2,77.0
36.1,12,0,7,4.1,38.0
14.0,11,12,7,3.2,116.5
1.2,1,3,1,7.8,75.0
32.3,4,19,3,7.6,50.9
8.9,9,17,1,4.8,79.2
47.0,14,5,3,0.4,50.5
47.7,9,2,9,3.1,99.0
45.7,5,12,6,2.9,70.3
18.5,4,15,8,8.1,9.8
0.8,3,4,7,0.9,25.3
46.4,3,3,8,8.1,104.5
21.4,12,20,7,6.7,69.7
48.3,5,7,1,7.3,114.3
48.2,10,18,6,4.3,13.3
42.7,1,13,1,6.8,39.0
14.7,5,6,10,6.1,27.3
19.3,6,13,1,7.7,68.7
42.6,7,5,3,4.5,49.0
15.8,12,11,0,4.7,23.1
8.5,9,15,4,6.4,78.9
27.8,3,16,5,1.1,66.7
46.8,2,12,8,4.4,36.6
34.8,14,13,9,9.7,60.2
28.5,3,6,7,0.4,90.8
4.9,12,13,1,3.2,28.6
30.8,9,14,0,3.1,38.7
49.5,12,11,1,6.3,44.8
7.0,7,16,6,1.1,90.9
25.9,9,8,3,6.3,102.4
43.9,13,14,9,1.0,48.3
37.0,2,11,4,0.9,39.1
34.9,5,1,6,7.3,107.3
35.1,13,4,2,3.2,119.9
18.0,4,12,9,9.8,82.1
14.7,2,19,1,0.4,118.8
40.5,9,7,6,4.5,80.9
40.5,9,13,4,1.1,89.3
43.4,6,14,0,3.5,49.7
45.7,11,10,0,10.0,54.8
25.6,6,0,8,8.9,21.6
25.1,8,20,4,0.5,99.6
39.9,6,2,0,5.6,112.1
32.5,1,16,6,6.5,76.7
35.1,4,18,8,2.1,44.5
39.8,13,13,10,1.5,22.7
44.5,7,7,0,9.0,35.5
16.9,13,12,9,9.7,34.4
18.8,13,19,3,9.9,75.6
4.7,2,2,2,7.9,113.7
28.9,9,4,4,6.6,10.6
1.8,8,8,6,3.5,5.1
23.3,8,5,7,1.7,74.0
27.1,7,1,1,0.8,37.7
14.3,4,12,6,6.9,106.3
29.5,2,4,0,7.8,42.6
1.5,3,7,6,8.3,38.3
1.9,12,0,7,9.1,36.0
41.1,6,19,1,8.8,21.7
18.0,12,11,8,10.0,71.9
6.4,12,10,0,2.4,24.3
26.1,5,6,5,7.6,53.8
38.5,12,14,0,5.9,58.0
10.8,8,10,2,2.6,7.4
31.1,6,15,10,9.8,6.9
4.3,6,2,5,9.0,64.8
2.6,1,19,2,1.3,85.0
26.6,4,13,7,0.3,113.3
27.0,5,2,4,6.9,25.6
31.9,12,0,1,6.0,16.9
36.3,11,20,3,9.4,11.0
48.8,3,14,8,2.3,55.1
25.8,13,0,3,0.8,76.7
16.1,9,16,9,2.6,101.7
39.8,1,1,9,0.2,83.5
13.5,6,19,7,0.4,29.0
21.9,6,5,4,9.1,58.1
3.9,10,7,10,3.5,109.7
1.3,5,15,10,4.1,42.6
48.1,12,18,9,0.2,62.4
41.8,5,0,0,2.7,115.2
34.8,10,2,6,8.0,89.5
20.4,14,2,2,6.2,91.0
8.7,13,4,9,7.5,34.0
7.8,5,11,7,4.5,52.7
12.5,6,11,2,3.1,14.5
27.5,8,19,0,4.8,74.8
35.7,2,12,4,3.2,16.9
33.0,6,19,1,8.4,101.1
14.0,1,8,10,3.0,98.7
47.7,4,6,3,6.6,66.4
36.9,14,3,0,1.4,21.2
27.7,10,18,8,6.9,7.9
30.6,3,18,5,9.1,96.6
21.0,9,5,7,6.1,74.0
12.4,3,12,10,5.6,86.8
17.8,6,10,3,9.6,39.9
37.9,1,12,8,6.3,63.6
0.7,12,12,1,2.6,90.9
5.8,6,19,8,2.9,58.2
2.3,4,14,4,7.1,74.2
2.0,8,20,5,7.4,95.8
42.8,13,12,2,3.0,29.8
35.2,11,10,3,3.5,12.6
23.7,9,18,5,9.9,66.2
4.9,4,7,6,1.0,12.1
24.6,10,19,0,4.0,93.2
23.7,12,7,6,0.6,87.7
8.7,10,9,0,8.2,106.4
21.7,6,15,4,0.9,78.5
19.9,1,18,5,6.7,12.7
30.8,4,10,1,0.6,34.1
31.8,7,12,9,6.7,97.9
2.3,12,8,8,8.4,24.2
18.7,1,19,9,4.0,85.3
31.3,8,18,5,5.2,94.7
25.2,12,15,6,4.0,43.0
42.8,10,6,9,3.0,42.1
32.9,12,18,7,8.0,69.1
8.1,11,11,10,2.7,104.0
3.5,6,14,9,7.2,30.7
32.1,5,13,0,2.1,113.2
1.3,10,10,7,2.5,73.9
29.3,11,9,3,3.4,119.1
47.0,14,10,9,5.9,15.3
28.8,9,5,7,4.5,19.6
19.4,2,1,5,7.5,100.1
32.2,5,10,10,2.1,104.4
22.9,6,18,8,0.1,56.2
27.3,7,5,10,7.8,87.1
47.1,5,13,3,8.2,104.8
19.3,9,19,1,0.6,10.0
48.1,1,5,1,6.1,71.0
45.3,7,16,4,3.8,103.2
9.8,10,9,9,7.9,50.8
3.5,7,0,8,8.7,39.8
5.0,4,2,2,8.5,96.5
0.9,9,7,7,7.8,43.6
4.7,14,7,3,2.7,5.4
34.2,12,19,5,8.1,115.4
3.6,11,14,9,5.3,73.1
15.9,5,6,5,0.5,99.2
42.2,4,10,2,4.6,99.9
1.2,13,6,4,9.4,12.6
40.7,7,3,2,8.9,24.6
14.1,4,11,10,1.0,40.8
5.9,3,5,10,7.4,41.9
34.8,9,13,0,8.1,80.8
31.4,11,11,6,2.7,76.7
43.9,8,10,3,4.7,61.9
36.8,1,18,6,7.1,29.3
40.2,7,20,2,4.4,48.9
14.1,9,4,10,1.1,67.5
8.9,8,13,4,7.1,58.8
37.5,8,20,4,9.1,19.6
40.3,13,15,1,6.5,79.7
49.5,6,12,10,7.7,13.4
20.6,11,19,9,3.6,48.5
18.6,4,3,1,1.8,86.7
38.8,8,10,3,6.4,7.3
17.0,3,16,3,3.3,70.5
46.5,13,6,3,8.6,43.5
42.9,9,13,5,1.2,6.0
21.4,13,10,1,4.3,26.9
37.5,2,8,5,4.0,113.2
37.7,2,12,6,9.4,64.9
5.2,12,17,10,1.5,119.7
45.1,13,10,9,0.1,65.4
25.3,12,14,2,2.4,67.6
41.3,7,18,10,8.2,50.1
16.0,12,0,7,2.1,40.7
44.8,10,3,1,2.4,33.9
19.5,4,13,10,1.3,44.5
0.5,10,13,7,7.2,57.9
45.3,8,2,10,0.7,27.1
4.6,9,16,4,3.3,30.9
16.0,7,2,1,2.8,36.2
47.5,5,15,6,5.6,56.7
47.5,8,13,1,7.3,80.1
28.7,4,19,5,5.3,103.5
31.6,2,12,9,9.3,38.0
22.4,11,14,2,9.5,26.1
14.7,12,13,8,3.6,48.6
16.4,6,18,2,7.8,107.9
33.6,9,5,10,7.4,6.1
37.6,1,9,2,8.9,83.0
39.6,11,14,4,4.5,59.9
39.5,10,20,6,5.3,23.5
4.6,12,19,7,4.2,41.9
24.7,7,5,10,8.5,30.9
2.9,10,9,6,2.3,106.0
27.5,9,6,8,2.4,60.4
22.1,10,16,4,3.7,69.8
44.4,9,17,9,2.3,73.3
17.5,10,16,10,5.6,78.6
5.9,11,8,2,1.3,62.0
7.1,13,9,5,3.2,7.1
38.1,3,9,4,9.1,43.5
30.9,11,6,3,4.1,26.1
5.1,13,15,1,7.5,83.2
4.2,5,17,6,1.1,11.5
35.0,8,5,4,2.5,69.8
3.6,8,19,3,8.1,29.2
41.1,4,0,7,7.6,114.1
35.3,12,0,8,3.9,43.6
4.1,11,11,8,9.5,42.4
4.2,11,20,2,9.1,111.2
49.3,1,1,2,9.6,53.0
18.7,1,3,4,4.3,115.7
18.5,4,16,4,2.0,7.8
40.6,6,3,9,6.3,40.2
47.4,8,10,1,6.8,81.6
49.3,6,3,0,1.3,107.4
37.7,12,0,7,7.9,34.5
18.8,9,6,2,0.2,112.0
4.2,9,17,0,4.8,73.3
38.9,14,8,0,3.3,97.1
27.9,2,2,10,7.4,50.7
21.2,10,7,1,3.1,29.4
45.3,1,18,5,8.3,109.8
5.6,2,3,5,5.9,112.3
24.6,5,17,2,7.9,62.2
0.6,4,19,3,9.9,5.7
23.4,4,10,1,6.8,17.6
2.8,9,13,1,9.8,70.9
5.9,11,17,6,0.3,7.7
5.9,8,15,0,3.4,50.6
32.5,6,2,6,1.1,39.9
37.3,1,14,0,2.6,87.2
29.2,2,3,5,8.4,11.4
48.1,6,4,2,0.3,61.2
18.7,11,16,7,5.2,71.6
14.3,2,6,5,5.7,76.0
43.4,13,15,10,5.6,51.6
11.2,10,13,1,4.8,40.0
48.2,5,15,7,7.9,83.5
0.6,14,6,4,1.3,102.5
48.5,5,8,7,3.1,84.8
2.2,6,3,7,6.2,112.2
44.6,6,10,5,6.9,87.5
26.4,14,1,1,4.0,92.9
49.6,6,11,7,8.8,24.3
3.7,14,11,10,4.2,53.2
27.7,2,3,5,4.0,60.8
48.5,14,17,5,0.4,34.5
26.2,10,20,7,5.5,65.8
31.5,14,6,0,7.1,38.4
34.8,13,0,1,1.1,84.1
22.7,14,12,8,3.1,59.1
31.4,3,5,10,7.8,57.8
29.2,14,5,7,3.7,118.1
45.1,6,11,6,2.4,50.1
2.3,13,7,6,6.7,46.7
14.0,8,18,4,2.0,41.6
47.5,12,4,1,9.0,107.9
44.5,13,17,10,1.1,62.1
22.8,11,4,5,7.1,74.0
31.0,12,9,9,5.0,25.8
13.9,1,0,2,8.7,67.2
9.4,1,9,3,1.3,36.6
23.2,11,4,9,6.8,89.0
17.7,13,11,10,5.7,100.7
29.2,2,6,1,4.8,87.2
3.9,11,8,1,4.9,89.0
48.7,12,20,7,7.2,63.9
49.3,12,11,7,9.4,86.9
34.9,6,0,9,0.9,53.6
26.8,9,10,5,0.2,79.9
15.5,4,20,4,8.1,34.8
40.7,3,14,7,1.1,13.0
34.2,12,1,3,9.9,52.5
8.1,8,19,10,6.2,58.1
45.5,11,6,3,6.5,34.5
41.1,10,20,4,2.0,88.7
47.5,14,11,0,2.4,13.5
36.3,9,17,0,6.6,30.6
30.7,12,2,1,9.1,91.1
20.9,11,6,7,9.8,55.3
46.6,5,10,6,2.0,86.1
43.3,9,17,9,1.3,70.3
2.3,2,11,8,0.6,114.3
1.3,3,5,4,8.7,73.7
18.8,7,4,1,2.9,6.7
40.5,7,0,6,0.0,45.6
49.4,6,11,7,2.2,21.5
7.5,6,10,6,3.4,111.3
29.7,2,3,6,9.9,17.0
19.0,10,17,4,5.2,49.6
48.5,6,3,1,2.0,31.0
42.1,4,16,5,3.3,102.4
41.9,12,1,3,3.3,40.5
23.4,3,1,9,0.2,119.1
20.7,13,11,1,1.4,9.4
13.7,11,5,8,7.0,19.8
2.8,13,9,6,1.2,30.8
43.2,2,20,5,2.3,98.3
40.6,1,15,4,3.5,106.0
50.0,11,13,2,7.6,13.2
49.8,11,6,9,5.8,8.7
27.8,5,18,9,6.9,90.6
38.4,2,16,3,5.7,20.3
47.2,2,8,2,6.8,20.3
42.5,7,12,10,0.0,7.6
12.4,8,4,7,9.3,10.7
22.5,13,4,2,1.1,35.3
6.5,10,9,6,4.1,12.5
47.7,8,20,6,7.7,47.4
30.3,14,9,6,4.4,100.8
11.4,4,6,6,9.5,42.5
33.6,14,14,1,4.7,88.7
30.9,1,6,9,8.7,15.8
17.9,11,14,2,8.1,80.8
5.7,7,2,9,9.8,41.4
33.6,1,18,8,9.3,91.2
26.0,11,9,2,9.0,20.7
38.6,4,14,1,7.3,108.3
26.0,8,2,8,3.7,32.9
42.6,2,5,9,1.1,45.6
27.6,6,11,8,6.9,114.3
28.0,13,14,3,9.8,71.5
43.8,6,5,8,7.3,47.1
20.2,12,12,2,9.3,114.2
6.7,9,18,6,8.0,42.8
1.4,5,2,6,1.6,15.9
37.8,10,7,10,2.5,119.6
31.0,4,7,7,3.4,35.8
35.2,5,19,9,1.7,102.9
10.6,12,14,3,5.8,24.0
6.8,12,3,2,9.8,89.1
0.7,10,18,2,7.6,65.3
17.5,11,20,4,4.2,117.8
29.5,5,2,10,0.0,68.6
19.6,8,12,0,3.1,7.9
21.9,10,7,9,5.3,74.4
45.2,12,15,2,3.2,21.7
17.4,8,12,5,1.1,96.8
25.7,2,2,2,4.4,103.5
39.2,7,15,4,2.5,60.4
19.8,8,8,8,9.1,95.1
31.1,11,13,1,1.0,21.7
43.1,6,12,10,0.5,61.6
47.5,5,20,1,0.1,50.3
7.4,11,6,5,3.3,75.3
46.3,9,14,5,6.6,10.1
24.6,13,6,10,7.3,91.5
12.9,3,5,10,4.5,14.1
23.0,12,1,7,6.8,80.5
49.0,13,8,10,3.6,7.1
24.6,13,16,1,6.7,100.7
16.4,10,4,8,0.4,25.1
31.7,4,11,1,3.9,64.3
12.0,9,0,0,7.9,35.1
3.8,6,9,9,8.0,88.1
6.4,8,10,1,7.2,42.0
6.4,7,15,6,2.0,88.3
7.6,11,13,7,2.5,37.8
6.9,2,7,4,10.0,91.5
32.0,3,16,5,1.0,8.5
9.1,1,17,0,1.8,37.6
17.3,9,11,5,1.3,62.3
44.8,13,16,7,3.3,10.2
23.7,7,13,2,2.1,26.4
33.4,1,15,10,5.0,112.5
8.6,3,13,0,4.8,117.3
9.6,4,8,10,9.0,90.1
2.0,4,3,3,0.3,34.0
8.4,5,10,0,3.2,35.0
13.9,14,5,7,6.0,79.3
8.9,3,14,4,6.0,18.5
4.4,3,4,0,4.8,114.1
6.0,1,10,7,8.2,30.9
23.0,7,17,8,0.6,120.0
10.3,11,12,9,8.2,62.0
18.2,10,10,1,4.9,93.7
25.2,14,13,8,1.3,5.3
34.5,1,17,7,8.9,107.2
2.0,2,18,6,6.5,36.1
40.0,13,14,2,1.6,81.8
31.4,4,8,1,0.3,97.7
4.1,13,7,6,1.4,23.9
43.7,4,19,4,6.1,55.9
46.0,5,0,5,1.8,61.8
3.1,11,3,3,2.3,40.9
13.8,2,13,1,0.3,60.4
40.3,4,1,8,7.2,41.5
37.4,1,15,2,8.1,46.5
9.2,2,2,6,8.0,82.0
10.5,1,7,7,1.3,77.7
18.5,10,5,1,9.0,31.7
24.2,10,15,5,6.7,108.2
30.9,13,15,10,9.0,104.2
18.4,4,6,7,4.5,63.5
23.1,4,12,6,4.4,54.8
37.4,7,12,10,7.8,48.3
1.8,10,4,2,0.9,86.3
12.6,11,19,0,5.2,82.2
35.7,11,17,5,8.4,27.6
44.8,9,14,7,8.3,82.2
25.6,9,17,5,9.6,34.0
26.6,5,1,4,7.0,7.1
5.4,10,9,10,2.1,85.4
22.4,1,12,7,0.2,79.2
26.6,1,17,1,4.8,52.2
12.1,6,14,0,5.1,65.5
13.5,2,11,0,2.4,113.9
18.9,8,14,3,1.2,73.4
1.0,13,12,5,5.9,80.7
16.1,9,17,8,7.6,12.3
10.6,13,14,0,9.9,24.1
16.4,4,10,0,7.6,39.6
6.0,5,18,4,7.9,67.0
44.5,11,2,9,6.2,94.3
29.7,8,6,4,9.9,41.9
34.0,3,20,4,6.4,46.0
39.5,5,13,9,8.6,34.5
24.9,3,13,5,9.5,34.3
4.3,12,12,7,9.3,114.1
26.9,10,11,2,3.8,78.1
29.3,3,8,8,0.8,22.9
37.3,3,0,0,1.7,88.1
21.6,13,18,3,0.6,88.0
6.4,12,10,8,1.1,81.6
14.2,7,18,7,1.8,20.5
18.2,7,17,9,3.4,51.9
32.3,7,11,8,5.4,17.3
28.5,10,0,0,7.1,98.9
17.8,8,18,8,2.1,80.3
49.3,5,19,2,6.7,63.3
30.3,5,16,10,7.0,44.4
11.9,14,4,9,5.6,26.2
5.1,4,2,8,9.0,17.2
7.6,7,1,0,1.1,116.5
12.3,10,2,0,1.8,28.0
8.0,4,7,8,4.3,11.9
9.3,2,15,10,1.3,115.6
14.3,4,5,5,5.7,68.1
8.7,13,12,3,4.0,96.6
44.8,13,15,6,2.8,10.0
4.0,8,15,4,1.7,70.2
26.2,9,2,9,3.4,50.8
20.5,3,12,6,6.1,93.8
49.1,7,13,7,5.8,9.4
5.6,14,7,7,1.6,51.2
19.9,12,11,0,1.2,96.9
48.5,14,20,7,0.3,65.1
43.3,9,7,5,0.1,68.3
40.9,11,20,3,8.8,16.2
12.9,4,8,7,0.5,20.2
8.5,10,0,2,7.3,82.9
33.4,3,5,3,8.7,82.6
46.5,5,18,5,1.0,117.6
27.8,1,10,10,4.4,86.9
28.6,3,10,6,9.6,61.7
14.0,8,12,3,8.3,103.6
38.5,11,10,3,4.9,17.0
9.4,8,17,6,7.6,56.7
16.2,13,14,5,8.3,38.0
21.3,4,0,10,3.5,17.0
25.4,2,20,7,8.9,92.8
12.1,13,6,0,4.7,63.7
5.7,8,12,9,5.3,69.0
30.5,8,11,10,10.0,52.3
14.4,10,17,6,8.4,57.9
29.1,4,18,6,3.6,18.3
7.7,3,14,10,0.1,82.4
24.1,2,7,6,6.3,54.7
26.6,9,18,6,7.0,98.9
2.6,1,9,9,6.5,27.6
16.8,7,6,9,9.7,28.6
6.7,5,17,7,8.6,79.3
3.2,8,15,8,4.5,102.3
49.5,4,19,8,0.6,59.3
16.1,7,5,1,4.8,88.6
40.5,13,8,6,6.9,119.9
12.7,5,20,6,6.1,118.9
34.1,14,12,3,5.4,90.6
38.0,5,20,8,4.7,90.1
29.8,14,7,7,2.9,33.5
23.6,9,15,0,2.8,100.9
20.6,9,12,1,5.0,51.6
17.4,13,12,1,1.6,115.6
46.5,9,16,10,3.4,14.4
41.5,12,19,7,3.2,55.1
48.3,6,4,0,5.9,68.9
6.2,6,20,3,0.7,51.6
36.5,5,16,9,8.3,29.2
46.9,9,8,4,5.6,73.2
9.1,10,1,8,6.7,91.9
3.3,8,17,6,7.0,79.2
37.1,7,8,7,2.9,32.0
28.7,7,5,10,4.7,89.1
42.1,6,10,8,9.6,34.5
7.0,5,5,6,7.7,25.1
39.8,13,5,4,9.7,84.4
10.1,4,12,4,7.5,101.9
8.2,3,10,9,1.8,60.4
8.2,3,13,10,0.6,66.1
40.7,6,1,5,5.8,39.8
33.3,4,7,4,3.6,61.9
26.2,12,2,10,2.8,20.2
17.9,12,20,8,8.1,114.9
43.9,6,2,2,3.7,97.0
19.6,3,0,2,3.2,81.8
40.8,4,18,6,8.5,66.9
22.0,9,17,6,8.5,96.1
18.8,5,16,5,3.6,61.9
23.1,13,19,2,8.3,39.5
15.1,7,12,6,8.5,23.4
37.4,10,2,4,4.2,79.5
25.1,2,0,6,0.7,111.9
11.6,14,3,1,0.0,22.7
45.0,14,12,5,5.2,25.7
19.2,5,16,7,3.4,54.9
27.2,9,10,0,10.0,97.8
45.3,11,1,3,7.7,38.8
31.2,3,15,10,7.6,34.2
5.8,14,1,0,9.6,76.3
47.0,9,18,0,8.9,66.6
31.4,14,18,9,3.2,11.9
16.7,11,15,10,1.7,14.4
7.0,6,18,7,7.5,78.9
39.7,4,8,6,3.8,58.5
31.0,7,0,9,4.7,116.7
26.7,8,9,0,6.3,83.0
44.7,6,18,10,9.1,6.2
39.4,5,0,1,4.2,60.3
7.6,6,1,3,7.8,52.7
15.6,5,15,0,2.7,17.3
12.4,8,11,2,7.0,111.2
37.2,1,7,7,0.0,97.6
1.7,11,17,7,8.7,31.5
28.5,7,1,7,0.3,34.4
38.1,10,12,5,7.1,8.7
43.8,10,5,5,0.5,39.1
17.1,11,20,4,2.7,72.2
41.1,2,5,8,5.0,53.4
5.5,14,8,3,4.2,116.5
42.3,9,15,9,1.9,11.4
6.4,1,10,6,3.3,73.0
19.9,11,6,0,7.3,103.7
39.9,10,9,8,6.7,60.3
7.5,6,9,6,0.7,5.3
11.5,9,19,9,7.5,32.9
36.1,1,17,8,0.5,42.2
36.0,4,19,6,5.4,116.1
32.1,4,8,1,2.6,109.9
34.7,9,14,5,5.9,114.2
27.1,11,3,9,2.6,100.0
12.6,5,7,10,9.8,45.4
17.3,5,8,3,3.1,109.2
9.1,6,12,2,2.4,117.9
45.4,1,8,1,2.8,45.3
29.2,1,3,5,9.0,35.0
20.0,9,16,7,6.4,67.9
23.1,3,15,5,7.3,26.5
47.4,4,14,8,9.2,8.8
7.7,1,2,4,9.1,113.8
29.3,9,19,1,7.4,111.5
25.3,8,4,7,2.0,23.7
30.6,2,4,8,8.4,51.9
0.9,8,19,9,2.0,100.6
43.6,7,14,3,7.4,81.0
46.6,11,17,5,6.9,50.4
28.3,6,14,10,7.6,90.6
34.8,1,1,9,5.3,108.2
46.1,7,12,7,6.4,111.5
35.4,10,3,8,9.5,48.6
7.6,7,9,4,1.0,25.0
28.8,13,12,5,3.1,110.0
30.3,14,9,10,6.1,15.6
21.2,9,8,3,9.6,88.0
36.8,1,7,4,1.0,21.2
46.7,2,2,6,0.2,49.8
46.3,11,15,8,0.6,52.3
22.5,9,13,9,0.5,23.3
5.7,13,8,10,9.1,111.1
49.2,9,20,5,7.2,5.3
41.9,13,10,5,6.8,107.8
6.2,6,2,7,5.2,106.6
46.0,6,4,10,7.8,41.5
43.5,4,9,3,1.6,86.0
25.9,4,12,2,3.9,34.1
29.6,5,3,6,4.9,92.3
20.0,3,12,4,1.1,69.5
2.7,1,11,1,4.2,39.5
16.8,1,4,1,3.2,51.0
40.1,12,9,10,0.4,84.3
0.2,13,8,5,1.4,109.2
16.7,7,19,7,7.6,20.0
19.9,1,6,0,0.2,70.7
26.9,1,1,10,9.3,34.2
46.0,3,6,5,0.9,97.2
17.3,10,7,1,8.0,13.1
17.3,4,6,1,9.0,84.2
36.9,4,20,6,9.4,25.1
22.6,2,13,9,8.7,73.6
11.2,1,18,0,2.9,101.1
22.6,3,4,5,3.3,91.8
7.0,11,17,6,4.3,91.6
8.8,4,19,7,1.4,64.6
24.9,3,11,6,0.2,107.4
20.9,8,16,5,8.7,72.6
45.7,14,12,8,5.5,110.5
18.1,10,1,2,6.1,67.9
29.0,1,12,10,9.3,63.2
31.6,14,6,5,6.7,30.6
0.7,2,9,3,6.9,67.7
33.2,13,5,1,7.9,21.2
8.9,7,2,0,1.2,105.0
48.1,4,2,0,3.6,82.7
7.4,8,17,10,9.7,119.3
20.7,11,10,9,9.2,15.6
4.3,13,19,2,8.8,32.7
49.8,3,4,3,4.5,105.9
25.1,6,18,1,8.6,50.5
29.8,9,18,10,0.5,58.6
3.4,1,14,10,1.5,104.0
37.5,1,15,10,4.1,65.0
10.5,8,8,0,4.8,27.2
44.9,3,3,3,2.6,107.6
10.3,5,14,6,3.6,8.6
9.5,1,11,9,1.6,108.0
1.8,5,2,10,4.9,10.8
23.6,11,13,5,7.9,81.6
28.2,6,16,5,6.6,13.2
3.3,8,18,10,1.1,86.2
38.8,13,5,8,4.9,8.9
22.7,14,3,1,7.0,101.9
26.2,3,6,3,5.3,58.6
22.0,3,18,4,3.9,15.7
20.0,12,16,0,6.2,86.3
28.0,11,15,7,9.7,61.3
7.8,11,14,7,0.9,27.0
9.1,10,7,5,3.9,6.8
43.1,9,18,4,4.1,53.1
47.3,4,7,7,5.8,14.8
18.7,4,17,2,1.5,15.8
13.5,12,15,2,1.8,35.7
32.2,7,19,1,2.9,77.5
20.4,2,18,4,9.6,65.9
1.3,8,9,2,7.3,12.9
7.8,6,16,2,6.6,116.4
35.8,3,12,5,8.2,107.0
32.9,9,12,7,1.3,34.8
1.4,5,6,1,8.6,19.1
11.1,8,9,3,5.9,113.4
11.6,7,1,10,3.4,58.0
33.6,14,3,6,8.2,40.8
1.0,8,5,0,8.0,61.4
5.2,7,17,0,8.5,93.9
40.0,3,5,9,1.2,24.4
8.9,2,16,6,9.7,93.3
32.6,7,13,6,9.6,91.2
11.9,3,10,0,3.6,67.0
5.0,3,18,0,0.7,104.6
12.2,2,1,3,1.7,20.2
36.1,4,2,4,9.9,73.5
42.8,8,10,4,5.6,56.7
41.5,12,5,3,3.6,53.6
19.9,1,13,7,2.9,34.0
33.4,1,18,6,2.6,47.8
10.2,12,15,8,6.6,17.4
14.7,14,20,6,4.2,33.9
44.8,5,6,9,9.7,36.3
0.7,11,7,0,6.8,87.9
4.3,5,18,6,7.9,10.6
10.4,11,19,0,2.9,79.9
1.3,12,15,6,0.8,30.5
9.1,1,6,9,4.9,14.4
29.2,6,8,7,3.1,39.6
21.1,1,12,10,2.0,30.8
44.6,5,0,8,9.5,68.5
40.9,9,7,2,4.4,46.1
17.1,12,3,3,1.7,116.1
13.0,14,2,3,2.0,115.8
19.0,5,2,8,2.8,56.0
29.5,6,12,6,10.0,96.4
13.4,8,7,2,2.7,6.5
31.2,11,6,9,3.3,68.0
20.5,1,0,4,6.6,90.5
27.6,14,15,6,2.9,29.9
21.8,2,5,7,2.2,12.0
14.7,9,6,0,1.6,22.9
47.4,3,11,1,3.1,55.8
38.2,6,8,6,1.1,63.2
7.0,5,10,10,0.2,48.8
43.4,11,9,1,8.0,55.6
24.4,2,20,6,1.4,59.1
44.7,14,0,8,7.8,93.5
40.0,7,17,10,8.0,17.1
21.3,4,3,1,5.4,93.4
1.1,1,4,6,3.1,84.2
13.4,13,8,3,1.5,90.3
27.1,4,16,10,7.4,89.5
31.7,6,2,1,6.0,59.1
12.9,7,15,6,6.6,29.3
7.0,7,4,4,0.1,66.7
41.7,14,15,0,9.3,115.2
49.2,7,2,4,0.7,72.7
26.3,3,19,2,3.7,6.3
8.6,6,14,6,4.0,11.9
13.6,13,2,5,0.0,119.2
0.9,8,19,7,5.0,13.3
45.7,4,13,4,7.5,10.3
5.9,13,15,1,8.2,45.6
28.8,8,16,8,8.8,116.5
13.7,2,19,10,4.9,41.6
27.7,10,17,7,6.3,52.1
32.6,9,17,5,0.8,77.9
41.5,9,13,9,4.9,7.8
10.3,8,17,6,1.5,108.2
0.5,10,14,8,3.7,64.7
6.8,14,14,6,3.3,58.7
45.0,13,5,2,4.2,104.0
43.7,10,14,5,5.7,114.6
29.9,1,17,10,9.0,53.7
30.0,2,3,10,3.9,24.8
33.3,6,7,6,9.8,98.8
8.8,10,14,1,7.6,51.4
45.7,5,2,2,5.1,112.6
20.9,12,14,3,6.4,114.2
19.2,14,12,9,1.0,18.2
25.9,9,8,5,8.4,115.0
2.3,5,1,0,5.8,47.4
8.3,2,7,8,9.9,79.3
36.9,10,19,4,6.4,9.0
4.1,4,16,6,8.3,107.2
30.2,9,12,8,8.0,78.8
12.3,1,0,8,3.5,79.0
19.5,11,1,0,2.6,108.8
14.4,1,14,0,4.3,63.5
17.8,12,11,2,4.7,52.2
36.0,7,13,5,2.4,104.6
14.9,11,1,1,8.9,90.4
28.3,3,17,9,5.4,114.1
23.8,10,6,10,9.8,113.1
33.2,2,5,0,8.1,49.0
46.8,9,13,0,5.6,56.4
36.6,3,7,4,9.5,34.4
10.7,2,1,3,5.0,81.0
1.6,12,16,0,8.9,46.9
13.1,8,4,3,3.6,95.4
29.8,10,13,2,3.8,19.0
2.6,6,19,1,4.2,18.4
24.8,6,20,8,5.5,28.5
29.8,10,20,10,5.5,14.7
16.7,11,2,0,5.0,76.3
38.5,7,4,6,3.1,21.9
5.3,7,15,3,9.3,23.4
3.8,11,17,4,5.9,6.6
36.4,13,16,9,4.1,94.9
24.8,6,10,4,6.5,98.4
34.4,4,16,0,7.7,23.6
21.7,11,15,5,9.6,90.0
12.3,9,1,8,5.0,54.9
41.0,6,3,1,1.1,32.6
40.0,4,20,6,4.4,76.5
34.7,12,6,5,4.8,25.5
13.6,3,1,4,9.0,92.0
29.5,4,5,3,3.9,10.5
18.0,3,16,3,9.5,115.3
4.6,2,6,5,4.9,13.3
45.9,14,4,3,9.7,71.6
6.8,5,4,4,0.1,108.8
47.5,2,19,5,9.0,6.4
22.3,6,15,4,9.3,62.3
9.3,3,18,6,9.6,45.3
27.1,6,8,8,0.1,71.7
43.6,11,4,9,1.7,30.9
36.6,10,7,6,6.5,12.5
40.3,9,8,6,0.3,77.0
32.9,1,4,3,0.6,52.9
34.6,6,9,0,2.2,76.6
42.5,9,1,7,5.1,29.2
12.5,11,8,3,5.5,44.0
24.5,4,10,0,0.3,69.6
11.1,11,3,4,1.7,73.2
49.4,12,1,7,5.0,47.8
47.2,2,5,3,5.9,37.2
2.0,13,13,7,1.5,36.5
35.3,4,0,7,4.0,25.1
46.3,1,17,2,9.0,42.4
9.0,3,6,8,10.0,27.9
28.4,10,0,2,9.9,77.9
45.8,9,0,0,8.8,70.4
1.7,10,0,1,3.9,49.0
34.9,5,3,5,6.9,42.5
14.9,11,3,9,4.2,32.3
46.2,6,17,1,6.5,66.6
48.6,3,10,5,3.1,110.7
47.2,5,0,0,6.1,83.9
23.7,11,9,10,5.2,90.6
43.1,8,8,0,0.2,101.0
42.2,6,3,4,7.9,45.4
16.0,4,5,9,0.1,12.2
41.4,2,15,10,2.9,76.6
1.9,14,1,8,0.1,26.7
29.8,9,17,7,3.8,70.4
11.5,13,9,2,0.6,90.0
6.0,12,16,2,9.1,95.1
3.8,1,12,0,4.2,39.7
34.8,1,17,2,4.6,63.9
17.0,13,12,10,3.5,76.4
36.2,4,16,0,6.3,99.2
3.3,7,4,7,7.8,92.6
15.8,1,10,0,6.5,118.6
27.0,9,6,4,7.5,5.9
39.5,4,9,8,9.1,55.3
15.9,3,16,6,8.6,34.4
31.3,1,14,3,6.7,18.8
44.3,10,17,10,2.1,109.8
30.8,4,18,8,6.4,119.8
11.6,9,1,8,5.1,25.8
1.2,13,3,1,7.2,9.4
43.5,14,2,9,8.3,36.6
1.1,10,6,9,7.4,101.0
43.7,6,17,10,8.5,38.8
26.4,6,9,5,0.6,11.5
47.0,1,6,3,0.3,11.0
39.9,10,7,7,2.6,54.2
49.9,2,5,10,9.0,112.2
17.5,11,0,6,8.2,37.9
38.4,6,3,6,6.8,54.1
20.1,2,13,10,7.0,16.7
24.0,3,16,9,7.3,61.8
31.4,4,19,8,9.4,85.1
43.7,11,17,4,8.3,36.2
49.2,5,10,5,6.2,39.1
38.4,9,20,0,6.7,101.8
20.9,12,13,5,2.1,6.2
21.1,4,8,1,6.6,78.2
36.9,13,14,5,4.2,50.3
11.9,11,11,8,1.5,39.3
5.5,9,9,7,8.1,80.6
17.7,11,18,8,5.1,101.0
14.4,10,18,9,9.8,69.2
14.8,3,5,7,2.8,8.6
11.7,8,19,2,4.8,58.1
2.1,12,5,7,4.5,58.2
0.9,1,7,5,1.2,67.5
49.4,11,0,5,4.3,82.2
21.4,9,16,5,2.9,7.2
19.2,9,16,2,1.6,62.7
34.0,10,14,9,2.8,72.7
10.9,2,6,0,2.3,44.5
47.5,4,18,3,7.3,81.9
39.3,13,2,9,0.3,31.2
4.5,8,10,5,6.2,41.5
20.9,7,19,10,7.6,115.7
44.0,1,18,9,4.8,45.0
47.2,5,8,1,9.3,44.8
23.4,7,9,6,7.1,73.5
30.7,4,1,6,7.5,116.7
8.4,1,0,10,2.0,118.1
49.6,9,15,3,7.8,71.7
11.6,14,17,3,8.3,5.1
47.1,5,16,0,3.6,108.6
32.5,11,5,1,2.1,70.6
30.4,2,13,8,3.9,47.1
25.6,8,14,9,7.4,100.4
11.5,11,13,7,4.2,51.0
8.8,13,2,7,7.4,8.9
11.0,2,18,8,1.1,99.4
9.3,3,11,6,8.1,67.8
39.0,14,1,8,2.5,43.9
17.5,10,2,9,2.5,33.9
2.9,1,17,1,5.9,73.3
48.5,11,0,5,0.7,28.9
44.2,2,19,2,0.3,42.2
46.4,14,20,10,2.6,78.2
49.7,7,5,5,5.4,106.4
8.7,10,4,2,9.1,66.3
19.8,2,0,7,8.5,92.3
37.9,6,18,10,4.9,92.8
34.8,3,0,3,0.4,81.4
7.7,4,20,9,5.4,33.3
40.8,11,20,5,7.0,104.7
11.2,13,15,8,3.4,55.2
11.2,8,11,1,1.1,10.1
26.8,14,7,1,2.8,33.1
29.6,3,15,6,7.7,93.0
29.0,10,0,1,3.5,13.0
4.6,6,3,1,8.1,21.9
43.9,1,9,3,3.2,84.8
13.3,7,10,8,1.6,107.6
6.5,8,16,7,4.4,77.9
44.4,11,6,1,4.5,30.6
47.8,14,11,7,0.2,11.1
43.1,8,20,3,1.2,75.7
40.5,3,6,1,1.8,10.5
32.8,14,11,10,1.1,75.5
27.5,10,14,9,3.4,30.9
4.3,1,1,6,9.6,109.0
20.4,9,13,5,5.1,59.6
18.6,13,12,9,6.3,30.8
13.0,6,3,4,3.6,103.1
36.2,11,13,10,3.2,34.2
24.8,9,13,0,0.2,40.3
4.1,7,15,1,5.0,100.9
11.0,1,6,7,4.8,40.5
34.2,12,18,0,1.6,52.2
3.8,12,1,2,7.6,45.0
42.6,1,9,1,4.9,18.4
24.8,6,17,4,3.4,9.5
24.0,5,16,3,1.5,88.3
29.6,9,4,6,5.5,79.2
41.2,2,11,4,7.5,37.5
17.4,8,5,7,2.8,39.0
33.9,11,8,3,2.2,113.7
28.3,5,19,5,5.2,118.6
13.4,2,0,3,1.6,59.4
43.9,13,14,1,6.7,97.3
39.9,10,20,0,6.1,89.7
32.9,11,5,0,0.9,39.2
42.5,11,18,7,0.4,11.7
43.4,12,17,3,6.2,21.4
35.4,6,5,4,2.9,101.4
41.9,10,12,10,0.9,89.1
34.9,8,0,7,7.6,81.4
34.0,4,12,6,3.1,20.0
30.9,2,6,7,4.6,78.6
37.6,12,14,7,2.4,93.8
7.9,11,11,5,6.3,104.0
44.0,5,0,9,3.0,6.5
43.6,12,14,1,9.7,83.7
1.5,2,3,5,7.0,7.2
41.3,2,12,0,1.4,86.3
6.4,6,4,0,4.2,78.1
16.8,11,1,10,3.9,22.1
37.2,10,0,2,5.3,93.1
8.0,9,15,2,8.4,12.9
40.9,13,5,10,5.8,100.0
41.6,4,15,4,0.6,35.1
25.4,6,13,0,6.6,84.2
0.3,7,2,9,0.1,111.2
14.4,13,14,5,7.8,44.1
30.8,11,2,6,6.7,62.8
49.1,6,1,9,3.1,58.3
31.6,8,0,10,2.9,23.1
13.0,4,8,2,8.0,72.9
31.7,12,8,3,7.8,90.4
27.0,1,6,9,3.5,110.4
39.0,7,2,10,3.0,102.8
5.3,3,17,9,5.6,63.7
38.1,14,10,9,0.1,87.7
27.1,6,6,9,0.8,97.1
48.1,2,8,9,1.3,61.8
17.1,9,0,2,1.9,18.3
31.6,1,13,0,5.1,55.4
46.6,6,19,7,9.9,101.9
5.1,6,5,9,6.5,73.6
46.9,5,6,9,0.6,88.3
34.4,13,9,1,5.3,26.3
3.4,5,6,0,5.0,115.9
15.0,1,1,7,1.4,51.5
35.4,10,3,6,9.2,80.2
3.4,12,20,6,4.4,7.2
29.1,5,16,3,9.9,19.6
17.3,2,0,10,4.2,94.9
31.0,7,9,8,6.1,116.3
2.3,3,18,5,1.0,41.8
43.6,13,14,1,4.5,9.3
48.7,4,9,0,2.4,46.5
48.4,3,18,0,8.4,7.0
37.5,3,11,8,7.8,27.1
6.5,4,15,3,8.2,91.5
37.9,5,8,4,7.2,112.8
1.2,1,14,2,8.3,15.1
1.1,4,16,3,2.0,69.2
16.2,12,13,7,4.5,34.2
24.4,12,17,3,6.9,21.0
38.5,11,1,8,6.4,30.2
34.2,8,3,8,7.2,71.4
22.3,10,17,5,2.2,12.5
13.7,7,6,1,1.0,54.9
49.9,9,12,9,9.2,20.6
21.3,5,14,10,5.6,36.4
22.6,13,0,6,1.5,26.9
8.2,10,10,8,7.9,106.5
39.7,4,9,5,9.1,86.4
34.7,8,4,2,1.7,104.9
11.0,9,15,6,8.2,49.1
4.1,13,10,4,9.3,41.0
34.0,7,20,0,9.4,48.8
32.7,14,5,2,9.1,7.1
13.7,7,8,4,5.5,88.3
47.5,5,12,6,3.6,45.2
7.6,4,7,2,0.1,41.0
21.6,14,13,5,0.6,73.8
47.2,10,0,4,4.3,55.2
21.0,1,16,0,4.0,117.8
31.9,10,4,9,1.8,46.0
19.9,10,1,5,4.0,75.6
13.7,7,8,7,1.7,40.8
49.2,1,3,0,8.5,118.9
20.5,1,16,1,3.0,56.2
44.7,5,16,3,6.0,77.9
11.5,13,20,1,5.0,19.6
10.7,9,17,10,0.5,89.3
1.6,6,15,8,9.4,36.0
32.6,3,7,9,5.3,56.6
18.4,13,10,7,3.3,106.6
43.2,3,20,7,1.6,116.6
23.7,7,20,3,3.4,53.8
48.4,6,17,4,0.2,101.0
9.3,9,9,3,3.6,11.1
43.4,6,12,8,5.3,102.5
38.8,5,16,1,8.7,77.4
38.5,10,17,10,6.9,61.2
42.2,7,9,7,1.1,107.3
38.1,1,15,1,1.5,102.2
31.3,12,19,0,4.3,39.1
6.6,7,4,9,2.0,96.0
1.6,3,12,2,0.3,16.4
46.0,14,17,8,8.1,99.6
30.8,9,16,2,0.2,82.7
39.8,6,8,8,8.3,15.1
24.1,9,13,6,1.4,83.6
5.9,13,16,9,9.7,71.8
6.3,5,3,0,6.0,73.4
34.3,7,17,9,7.3,38.4
21.5,13,19,4,1.1,35.6
10.0,14,14,8,8.6,92.7
24.6,4,10,2,8.4,34.5
3.2,7,11,8,6.5,56.3
29.1,13,8,4,5.0,84.9
13.4,1,12,8,7.2,14.2
39.9,7,14,9,0.1,73.4
15.5,8,14,5,5.9,72.8
22.8,5,4,8,8.5,83.7
0.6,2,18,6,3.6,47.5
3.6,5,19,6,1.1,56.6
19.6,6,13,7,4.2,42.9
24.0,12,16,6,7.3,97.9
30.0,2,17,8,1.1,20.0
14.6,14,20,10,2.1,115.7
34.7,6,2,8,1.5,78.0
43.0,6,1,5,8.0,107.0
39.0,1,0,6,0.6,54.0
2.0,14,9,1,6.9,43.2
24.0,1,18,8,3.7,108.6
5.2,14,16,0,7.6,16.4
12.1,11,11,0,9.6,18.5
49.3,10,0,2,1.1,39.4
7.1,3,11,5,3.1,115.4
24.9,14,16,4,8.1,77.8
30.9,10,2,1,2.7,68.7
35.1,10,10,8,2.2,86.1
28.0,12,16,9,8.3,53.0
0.5,3,2,3,9.9,92.2
16.3,4,7,3,5.6,50.2
25.9,2,19,4,2.8,100.0
4.4,9,3,7,4.0,35.7
17.5,10,20,9,1.7,36.9
1.7,12,6,3,7.6,65.1
3.9,11,13,4,7.7,54.5
19.8,14,13,3,8.8,79.5
6.6,7,3,5,0.3,46.9
28.4,7,15,2,5.6,31.5
34.5,6,0,7,2.1,59.0
40.0,3,16,5,3.4,69.5
10.0,6,9,9,7.8,21.4
8.4,14,15,4,1.9,69.0
5.2,12,15,1,6.4,41.7
31.8,8,7,9,6.5,50.1
35.3,8,6,9,9.5,37.1
1.6,11,5,6,7.8,112.1
46.8,13,15,1,8.0,83.6
2.6,9,19,0,5.3,35.2
27.1,1,15,6,1.9,79.2
35.5,14,6,4,4.3,102.6
43.5,1,8,0,5.5,51.2
35.7,3,13,3,6.8,100.4
40.1,3,10,3,6.1,22.8
17.0,10,13,9,3.9,99.6
40.7,8,6,6,2.7,67.1
4.0,10,0,8,1.7,30.6
44.7,1,12,1,6.9,51.8
27.4,13,19,0,6.5,118.6
40.9,2,2,1,6.9,95.1
22.6,2,19,6,3.7,71.1
32.2,3,3,9,2.6,18.2
26.3,13,10,5,7.6,53.0
36.6,6,1,3,7.7,35.3
4.1,1,13,0,4.6,13.2
3.0,2,11,0,6.1,67.4
12.4,13,16,4,3.7,107.3
8.0,13,11,0,7.0,82.7
43.6,1,11,6,8.4,33.7
11.0,5,0,10,6.9,71.0
48.8,13,12,0,5.1,113.5
16.8,13,13,0,4.6,88.1
9.1,7,1,1,6.4,84.3
39.5,8,11,10,6.8,116.3
32.9,10,20,9,5.6,96.9
24.9,1,15,2,6.2,20.7
27.8,7,3,10,1.0,45.0
36.0,13,7,0,9.5,116.0
11.4,5,1,8,7.9,61.3
49.8,10,9,9,3.7,17.8
48.7,1,8,7,5.6,57.7
32.5,3,14,4,0.5,85.2
10.0,7,12,10,0.4,119.7
34.0,10,16,1,2.5,42.2
3.6,1,15,4,6.9,64.1
1.5,7,1,5,8.5,106.2
12.9,5,19,0,5.6,45.9
23.1,1,19,10,5.3,17.6
43.4,1,13,3,4.0,114.1
36.4,14,2,8,1.6,61.2
37.1,1,11,1,1.2,62.8
21.3,11,7,4,7.6,76.4
17.3,9,1,0,9.3,5.4
18.6,11,3,3,4.6,112.1
49.4,13,13,3,6.6,46.6
2.0,3,15,5,9.1,50.6
43.4,13,18,9,0.9,25.0
28.9,5,1,8,7.7,48.5
21.9,11,11,2,6.2,97.5
36.3,10,13,8,6.0,97.0
24.3,12,5,5,2.9,112.6
43.7,9,12,6,6.8,51.4
45.0,6,3,9,7.9,86.5
21.1,12,17,1,1.1,63.3
13.8,9,11,10,5.3,97.5
29.6,8,19,9,1.0,86.9
45.6,8,20,5,8.7,47.3
10.5,1,18,5,5.1,43.7
31.1,13,7,1,8.1,34.0
31.6,9,6,1,3.7,71.3
36.7,6,15,1,1.3,115.8
6.6,9,18,9,0.4,28.0
35.8,3,5,0,2.8,16.0
45.5,12,19,4,2.4,18.7
9.0,3,20,7,5.6,95.1
11.9,6,10,1,0.2,45.3
48.6,9,4,4,5.2,30.8
9.0,7,15,7,3.9,45.6
42.7,14,6,9,5.8,79.2
24.6,13,4,4,7.0,67.9
12.4,3,10,1,6.3,90.5
43.5,3,14,2,9.8,44.0
22.3,2,2,5,1.4,57.0
25.7,9,4,10,4.3,16.7
18.0,13,20,10,4.2,13.4
29.6,3,4,4,4.2,58.2
8.2,11,8,10,6.6,39.7
19.6,5,14,3,4.9,75.5
48.5,14,2,3,5.2,9.9
12.9,14,5,4,4.3,19.0
32.8,9,16,1,9.9,104.5
16.3,8,20,8,9.3,70.1
38.7,2,7,1,3.1,86.9
6.5,3,20,9,1.1,101.8
48.5,2,10,1,8.4,58.3
22.7,8,5,9,10.0,92.5
11.8,6,7,8,2.9,65.3
3.7,6,9,2,3.6,30.6
8.5,12,2,9,9.4,43.8
26.0,9,13,6,7.1,61.4
16.9,8,13,3,3.0,41.4
41.4,4,9,5,5.8,43.6
21.5,12,11,3,9.4,43.8
12.4,4,5,9,8.1,19.1
30.9,9,11,6,7.4,14.7
35.3,1,13,0,7.4,10.3
8.4,13,1,2,1.8,17.8
8.4,2,8,2,8.2,44.5
1.8,2,9,0,2.8,73.3
36.8,13,16,5,9.3,26.6
33.2,13,16,10,3.6,107.1
23.7,6,2,8,8.6,98.0
42.2,4,18,7,2.7,64.9
40.3,13,0,10,5.1,88.3
29.3,11,11,6,1.1,47.1
43.4,10,6,9,6.6,9.2
10.3,13,3,7,8.4,109.0
5.6,3,9,5,7.2,19.7
13.5,3,12,8,5.2,114.0
2.9,3,1,2,0.5,70.8
26.6,6,9,9,9.3,40.1
46.8,14,20,9,7.1,62.0
2.0,8,3,8,7.5,62.7
6.1,11,17,3,7.9,7.7
22.6,7,4,6,7.5,45.9
46.7,14,18,8,4.4,90.1
15.8,4,1,1,7.3,63.7
25.4,11,11,1,6.3,33.1
2.1,12,16,8,8.5,43.5
7.4,4,9,2,8.0,104.3
49.3,11,1,8,0.4,65.4
48.3,10,5,4,3.8,65.8
0.2,11,7,5,0.3,115.6
47.6,11,18,1,1.0,41.9
32.0,14,10,7,6.0,60.1
43.4,11,11,10,8.7,98.3
22.7,2,8,8,1.2,92.3
25.8,14,1,1,4.5,35.6
24.4,1,7,5,9.1,22.4
33.3,9,10,5,8.1,85.6
7.0,12,20,7,5.2,34.6
1.5,12,3,9,7.7,111.1
15.4,2,9,4,5.2,19.9
35.2,13,20,8,1.6,41.6
10.1,8,19,0,1.2,11.3
33.7,9,15,8,1.9,85.9
48.5,4,7,9,3.5,107.5
4.7,8,3,6,9.3,78.1
33.6,9,9,3,8.0,112.8
22.2,10,11,2,4.3,19.8
43.4,10,13,9,4.9,15.1
8.9,5,15,10,2.7,101.4
34.6,13,17,5,7.0,103.4
41.9,14,20,0,8.0,100.6
47.2,7,20,2,2.4,96.9
34.2,10,11,1,0.4,46.7
24.9,4,17,10,6.2,30.0
30.9,1,6,8,5.6,111.8
43.4,3,19,2,4.0,40.3
28.5,5,6,1,6.4,50.8
1.5,3,8,3,5.5,85.4
46.5,12,0,1,2.5,38.7
34.5,13,5,0,4.0,99.2
33.8,11,5,5,4.3,13.1
10.8,7,11,9,8.8,96.0
32.9,12,11,7,9.6,74.2
19.7,9,9,9,8.9,70.9
32.6,12,5,9,7.2,57.7
5.3,6,16,1,5.8,36.9
32.9,13,18,8,6.9,58.4
50.0,10,17,2,9.4,56.8
2.4,1,5,7,2.5,72.1
48.9,7,18,7,5.4,37.4
20.3,3,9,2,6.9,13.9
43.5,5,7,2,6.8,21.7
39.1,10,20,5,2.5,85.4
28.4,4,5,0,5.9,7.6
36.9,10,20,3,8.0,103.5
43.9,5,6,0,4.8,84.9
20.2,5,0,2,7.9,93.3
16.4,6,17,8,3.6,101.1
33.4,14,19,4,9.4,19.1
40.4,10,11,4,5.3,99.6
38.1,12,15,10,6.0,63.0
39.9,10,9,3,0.3,106.8
21.8,13,9,2,1.7,107.0
40.9,13,13,4,6.3,7.8
6.0,11,19,10,4.2,49.0
27.2,6,9,3,5.1,65.5
0.3,8,9,7,0.6,83.0
16.2,8,10,3,8.3,37.9
18.3,11,1,10,7.8,34.0
19.8,9,19,7,1.9,48.8
34.8,8,7,5,6.3,62.6
19.4,13,6,10,8.2,114.4
22.4,11,7,4,6.4,92.6
11.9,2,0,3,3.1,54.4
18.7,14,20,3,6.6,11.3
11.4,14,1,3,2.1,24.4
3.7,12,17,10,3.2,57.4
30.2,10,14,8,2.4,98.6
33.4,12,0,3,5.6,48.8
31.0,11,4,8,1.1,66.9
23.2,1,1,9,9.3,107.6
19.0,10,19,5,3.3,110.1
43.2,2,2,9,2.2,29.8
26.0,2,18,6,5.0,10.0
24.0,12,17,9,2.8,40.1
1.3,3,17,2,5.3,85.0
17.1,10,13,7,3.5,114.4
19.0,7,7,2,1.3,13.9
19.9,2,11,0,2.7,8.3
29.0,14,20,9,4.4,106.7
26.7,1,9,4,0.3,91.0
30.4,14,19,1,7.7,119.1
38.2,6,16,9,6.2,50.6
40.6,9,10,5,6.0,52.8
35.9,3,1,9,5.5,24.8
47.8,6,3,8,5.9,18.3
0.9,3,0,0,9.3,71.6
9.8,14,14,3,0.1,46.9
0.4,13,12,0,0.5,14.2
32.4,1,7,0,1.9,107.0
44.9,14,3,7,1.7,27.8
12.2,13,9,10,1.8,91.1
46.4,12,18,1,6.7,37.5
3.0,5,17,0,4.6,98.5
46.7,10,4,10,9.9,18.6
17.6,14,18,7,2.3,91.9
5.1,13,15,3,3.1,16.3
24.3,11,0,2,9.8,56.4
12.8,4,11,3,8.3,89.4
14.2,7,1,10,4.7,24.9
15.4,6,20,4,5.5,37.9
40.2,10,7,0,8.4,104.4
27.0,7,17,10,4.8,106.8
15.6,5,15,0,2.1,10.2
30.5,4,4,2,8.3,24.3
35.8,7,12,5,5.4,18.5
13.6,7,18,0,1.5,25.7
20.7,6,2,10,5.1,116.6
6.1,8,7,1,4.1,68.4
9.1,4,11,6,8.8,58.8
34.1,10,1,0,1.3,118.2
9.1,5,10,6,8.8,69.0
26.3,4,11,3,5.1,81.0
35.5,12,17,9,4.0,43.3
5.3,1,12,5,1.6,48.9
28.4,12,4,7,7.0,73.4
12.8,8,11,8,9.3,13.0
48.1,1,1,5,3.8,34.4
24.2,5,4,10,2.4,27.6
40.3,6,6,8,5.5,6.8
27.5,6,11,3,8.0,66.7
2.2,13,15,5,0.0,69.5
31.7,5,7,7,6.3,49.2
47.6,3,8,8,6.0,35.9
30.1,5,14,2,3.2,80.0
41.0,12,4,1,4.5,20.5
44.2,8,12,5,2.5,64.6
11.4,14,4,3,7.9,93.3
10.6,2,10,0,6.3,23.9
30.5,6,9,7,5.3,91.6
20.6,9,19,8,3.9,92.5
42.0,8,12,8,2.9,11.9
45.0,14,8,1,8.2,7.2
17.7,11,20,8,4.5,117.0
11.8,8,13,6,5.0,27.2
39.0,8,17,4,5.2,99.5
13.7,13,14,6,4.5,69.6
41.1,7,9,8,2.6,35.4
21.2,8,6,7,1.2,19.9
33.4,13,7,5,1.0,62.1
4.8,6,2,3,7.6,51.8
31.2,2,14,0,2.2,85.4
22.6,2,15,5,0.6,109.0
29.3,8,3,2,8.0,97.6
8.4,11,20,5,1.5,36.6
36.8,1,5,5,6.3,106.1
43.1,6,0,3,3.4,100.8
10.8,13,3,1,1.3,111.9
4.8,6,10,8,4.1,57.7
1.2,11,11,1,0.1,93.4
32.1,4,4,2,8.4,73.0
30.4,12,20,9,5.1,40.7
27.3,11,15,0,1.4,119.4
11.6,13,12,6,2.4,9.4
19.5,11,12,0,4.5,23.7
29.7,13,16,10,1.9,107.6
24.8,10,6,8,2.7,12.0
49.4,3,7,10,5.3,107.0
6.8,13,12,10,8.3,87.3
34.8,11,15,0,4.0,9.2
20.2,3,3,4,7.2,54.4
21.4,13,7,6,8.8,91.8
35.9,13,15,2,2.2,72.1
34.6,1,20,8,8.1,112.6
49.6,3,9,7,7.6,104.8
6.4,4,11,2,3.6,43.3
5.2,11,11,4,9.9,14.7
36.2,11,4,6,2.6,113.6
28.9,5,15,3,2.5,64.5
13.7,3,0,4,7.7,13.6
4.0,6,8,2,4.3,98.9
4.3,11,11,8,3.3,104.9
44.7,14,4,9,1.8,78.5
9.6,12,19,8,7.7,56.5
16.2,5,2,6,7.9,81.1
11.3,3,4,9,5.7,86.3
17.7,6,1,1,9.6,107.7
3.5,6,13,6,3.2,114.9
26.0,14,1,6,2.2,64.1
3.4,8,12,10,6.8,96.8
40.0,2,6,4,7.6,115.9
11.7,1,9,8,2.2,22.4
27.0,4,12,10,0.8,7.1
44.0,7,15,2,8.1,104.9
32.5,11,13,3,9.8,27.5
26.6,10,10,0,6.4,9.9
16.2,3,9,5,2.8,23.4
16.7,3,5,3,10.0,49.2
33.5,5,3,0,8.9,30.2
49.7,5,20,1,5.1,40.1
33.1,13,0,2,8.3,117.2
27.9,10,6,8,8.2,86.0
36.5,3,8,7,9.3,86.9
23.3,9,7,6,8.4,15.9
3.0,4,4,10,6.4,89.2
28.1,13,18,3,6.1,90.0
47.9,13,9,0,4.7,80.9
8.8,3,10,7,6.3,31.3
34.5,11,14,3,8.0,53.6
10.0,2,5,2,9.7,102.3
26.8,10,14,8,4.7,82.1
4.8,13,4,9,5.7,89.3
22.5,11,18,3,4.4,72.5
37.8,9,18,3,6.7,56.7
17.4,4,9,8,6.3,92.3
33.2,3,11,10,0.2,12.8
39.8,7,3,1,5.4,82.4
46.4,8,17,4,0.9,119.7
11.7,11,15,3,0.3,94.7
20.0,14,7,8,7.9,38.4
7.6,2,3,4,2.6,36.9
49.6,7,11,8,3.4,81.7
46.4,12,1,10,0.6,108.0
27.0,5,3,8,1.8,71.5
42.1,11,4,1,7.7,65.7
26.0,5,2,8,4.9,23.4
31.2,3,8,2,8.8,87.3
4.5,5,20,3,4.0,85.8
37.8,12,17,0,2.7,116.2
6.4,2,10,0,3.5,39.5
41.3,4,2,0,7.1,92.0
39.1,6,1,8,5.6,54.9
35.4,1,8,10,9.0,69.2
1.8,10,13,7,6.0,98.9
15.2,4,3,4,4.9,30.5
13.2,6,8,4,7.9,44.4
18.0,9,12,8,9.5,93.9
4.4,14,17,2,3.6,70.6
46.8,11,14,2,2.5,15.6
27.7,11,9,6,6.2,54.5
15.3,13,15,8,5.0,72.5
19.8,2,11,5,9.9,109.6
22.4,11,19,1,4.6,26.7
30.0,7,4,0,0.7,97.7
25.8,6,1,1,9.8,20.0
46.0,2,9,0,8.4,32.9
24.8,8,0,9,1.8,33.0
49.6,7,6,9,9.0,105.9
42.6,11,16,8,3.4,27.9
10.4,5,15,9,3.8,95.5
46.5,12,2,7,9.1,58.1
5.8,5,13,6,5.3,119.9
40.9,7,9,2,1.4,101.5
19.0,9,6,7,3.7,90.1
43.9,11,16,1,7.2,105.1
43.4,9,5,1,1.7,77.9
40.3,9,3,10,5.9,102.0
39.5,6,16,9,7.0,35.0
15.2,10,8,2,3.4,16.2
4.0,6,3,6,6.9,75.8
20.1,3,6,0,8.8,55.0
8.7,1,1,7,4.7,54.0
34.7,7,16,6,3.8,65.6
17.3,4,7,3,2.5,46.6
48.8,1,14,4,6.0,77.0
32.0,8,14,9,8.8,8.5
41.1,12,7,0,3.2,116.5
6.6,6,15,3,4.0,111.3
43.1,6,18,0,4.1,112.6
46.1,2,10,0,5.6,47.0
24.4,1,1,9,2.3,66.2
30.3,13,16,0,8.2,114.7
38.2,14,15,6,3.0,108.8
8.7,14,14,6,7.1,95.9
25.1,2,12,3,5.1,51.8
19.9,4,14,1,5.9,69.9
7.3,2,3,2,1.8,96.2
18.4,1,15,7,7.4,36.4
3.4,7,11,7,1.9,77.0
1.3,11,3,10,1.1,100.2
6.8,11,2,10,5.5,86.4
48.2,12,16,5,7.1,60.1
27.5,8,17,9,0.5,72.2
48.3,6,17,8,0.7,118.7
21.6,4,16,10,8.0,74.2
15.6,14,11,8,8.1,95.3
25.3,6,20,3,2.5,88.6
22.0,3,3,0,6.2,85.7
5.3,12,11,0,4.4,87.4
32.0,8,20,9,6.3,57.3
10.8,10,19,4,8.6,59.5
31.0,14,14,1,0.8,58.8
32.5,13,15,5,7.8,8.8
7.6,13,4,6,4.9,32.7
3.1,2,20,0,5.6,22.8
39.0,5,14,5,6.5,106.9
23.0,1,16,7,9.2,36.6
2.9,6,17,4,0.6,20.9
49.7,2,4,6,0.3,18.8
2.9,4,12,9,1.8,85.5
34.8,6,18,5,9.9,5.7
49.2,10,12,3,7.2,59.2
12.0,11,17,6,6.1,18.7
7.1,8,13,9,0.5,102.7
6.1,12,3,8,8.8,115.2
15.2,8,3,9,8.1,115.3
5.1,11,19,9,6.6,55.8
34.6,6,19,6,3.4,79.1
3.1,4,18,4,0.7,74.0
25.5,8,12,6,5.8,45.3
49.8,13,11,2,7.2,56.1
40.7,8,6,1,0.9,12.4
30.8,10,11,10,6.3,96.5
15.3,14,20,4,2.9,32.7
31.2,1,3,3,7.6,58.0
26.4,4,1,4,5.4,60.3
21.3,4,1,7,1.3,69.5
6.5,7,4,3,5.3,99.1
44.3,14,9,8,4.0,84.6
22.5,14,9,6,1.8,81.3
9.7,11,8,9,8.4,65.6
18.4,7,12,6,0.1,16.0
20.7,13,6,7,3.1,51.2
41.4,11,4,5,0.1,115.1
36.7,8,9,7,1.0,119.5
38.5,11,9,2,3.0,89.0
0.6,5,5,9,0.5,31.2
20.8,7,18,9,6.0,16.7
24.1,8,20,0,0.9,52.7
1.0,9,7,5,7.0,103.5
13.0,3,0,0,0.5,88.0
38.0,3,16,8,0.6,106.6
6.9,4,6,1,3.1,75.8
26.8,5,13,10,9.0,20.0
10.8,10,20,1,6.4,18.2
0.6,1,20,6,7.7,10.5
12.1,7,16,1,1.4,70.2
48.8,9,8,9,8.3,32.9
40.1,8,16,7,0.1,89.5
48.0,5,4,5,2.1,83.9
24.4,14,19,6,6.2,41.6
5.5,14,7,6,3.8,25.3
27.4,4,5,5,9.8,16.8
22.7,12,10,9,0.3,89.8
42.2,7,18,10,10.0,56.8
4.9,5,3,8,6.2,42.2
24.4,7,17,8,5.6,103.5
7.5,12,0,6,0.6,73.3
16.2,1,12,8,2.7,64.6
36.9,1,13,9,9.2,90.5
23.8,10,0,2,3.5,98.8
18.8,14,10,2,6.6,83.9
19.7,13,16,0,10.0,55.6
23.0,3,3,4,2.6,48.6
39.3,14,11,3,5.8,93.7
44.6,11,9,1,7.0,64.6
47.8,2,5,8,1.6,86.0
39.3,2,0,2,1.5,107.4
15.8,7,6,7,4.6,110.3
34.4,12,20,5,3.9,36.9
21.9,10,15,4,7.1,26.6
12.7,2,13,0,0.7,35.0
42.0,11,19,3,9.7,91.4
1.9,4,19,2,0.1,47.6
45.1,2,5,0,6.0,24.9
23.1,6,4,4,5.6,16.3
31.9,8,20,5,1.3,42.6
33.0,10,17,1,1.5,20.7
44.8,4,14,2,7.9,23.0
31.8,5,5,10,8.9,83.6
30.7,4,18,5,2.8,7.3
3.3,3,0,3,4.4,18.5
25.9,5,0,8,3.5,102.1
7.5,14,12,4,0.7,102.2
36.9,9,2,3,6.7,42.9
25.6,8,9,1,8.3,15.1
34.0,8,20,5,3.0,86.1
2.1,8,2,9,9.9,46.4
4.2,12,8,1,0.8,10.2
35.8,8,7,6,6.6,23.2
3.6,7,2,2,4.5,20.8
3.6,8,12,8,4.5,72.7
0.6,11,5,10,4.6,108.3
47.8,14,12,4,2.6,96.2
36.9,8,19,7,7.2,67.8
17.7,13,19,10,7.2,53.5
14.8,14,11,5,2.8,76.1
17.5,8,12,9,8.4,56.0
38.7,12,1,7,3.2,33.3
33.1,10,20,10,7.3,83.1
9.3,7,15,2,1.2,105.4
8.7,12,5,2,1.7,47.9
4.9,1,18,4,3.2,101.8
33.0,4,20,10,5.9,54.6
38.2,13,12,9,6.5,51.2
13.3,13,16,2,4.0,8.3
1.0,4,8,7,0.8,85.0
4.1,5,16,9,3.7,97.9
48.4,10,1,7,6.9,81.3
14.8,6,18,1,6.7,22.4
38.5,4,18,3,1.6,16.9
31.2,2,6,9,0.1,70.9
19.1,6,9,0,7.5,51.2
10.3,8,9,3,1.1,54.3
6.1,8,19,10,0.8,116.3
30.8,7,8,3,0.0,88.3
38.7,6,16,9,4.3,52.4
32.2,2,14,8,5.0,7.2
26.5,7,1,2,6.4,8.9
2.1,11,3,1,3.0,83.8
48.4,12,18,8,7.1,101.3
39.9,14,16,8,1.7,86.4
14.6,14,4,0,8.3,51.7
49.0,5,6,5,5.7,8.6
30.1,6,17,9,5.8,116.3
29.1,10,20,7,2.1,118.4
37.4,8,6,2,0.7,68.2
40.6,14,16,10,4.6,13.1
32.8,8,6,8,6.2,67.2
6.4,3,3,1,1.0,107.6
16.9,12,7,5,9.5,83.2
46.4,12,12,0,9.8,87.8
11.2,14,3,6,5.5,14.8
18.6,7,5,2,9.5,17.2
21.6,1,4,6,1.8,19.6
22.0,1,11,3,0.3,109.0
30.6,7,3,8,0.4,65.5
47.2,10,8,4,5.9,96.0
12.0,9,3,2,0.6,18.3
6.1,7,18,7,9.6,111.7
9.9,10,13,5,1.4,99.4
44.3,5,4,1,3.0,30.8
32.3,8,17,2,8.2,105.5
14.3,2,9,7,2.2,35.3
40.8,9,18,9,2.4,28.6
43.1,6,11,6,6.4,35.4
42.3,13,17,9,2.8,109.6
45.9,9,16,5,2.2,110.3
12.6,2,10,0,2.5,42.8
37.8,3,2,8,4.9,86.1
23.0,12,16,2,9.7,82.7
42.1,8,0,4,8.3,97.8
36.4,1,14,6,2.8,39.1
38.8,10,8,6,3.6,63.7
32.8,7,14,2,4.6,81.8
8.9,7,2,3,9.8,8.0
27.3,13,18,9,1.7,48.3
49.2,1,12,6,3.6,85.0
46.9,9,11,7,7.3,34.0
2.2,8,19,1,9.6,115.1
8.2,4,0,8,1.6,8.5
6.6,10,20,6,2.3,115.2
36.3,11,16,7,2.3,29.9
40.9,5,12,5,0.2,10.6
10.7,2,0,5,6.0,38.6
25.3,13,9,8,6.7,95.4
42.0,9,14,3,6.0,91.5
36.6,12,6,10,0.7,29.0
27.1,12,17,10,0.7,27.6
29.5,6,15,4,2.1,78.9
25.4,3,13,8,2.9,57.7
14.9,12,17,0,7.9,96.1
28.3,7,6,3,1.6,7.8
34.4,9,16,6,0.4,75.2
43.7,3,17,10,3.9,89.0
31.8,2,11,8,4.2,119.2
38.1,7,7,10,4.5,83.1
8.0,7,1,9,8.3,31.7
23.1,4,6,5,1.0,17.4
0.5,11,3,7,7.0,78.7
12.3,9,17,8,3.4,65.2
36.3,14,5,9,3.1,108.4
49.6,8,8,3,9.3,88.6
5.0,13,8,0,2.5,63.6
20.1,13,13,7,6.4,51.4
40.0,1,7,1,2.8,51.5
10.2,1,18,10,5.1,31.0
27.8,5,2,0,7.9,7.0
36.7,6,17,6,8.8,71.1
30.8,3,4,9,8.4,29.4
9.4,13,13,8,5.8,29.0
17.8,9,3,10,2.5,19.4
39.2,12,6,8,6.6,26.8
27.7,10,19,2,7.1,8.7
0.3,14,11,5,0.1,82.5
38.0,6,1,6,4.4,51.2
1.8,4,10,9,8.4,69.6
37.3,12,13,8,4.9,78.3
10.1,7,15,1,3.1,116.8
47.9,8,19,7,8.7,12.9
18.4,9,5,6,1.6,53.1
16.3,13,3,3,2.1,33.3
7.4,11,14,1,6.9,59.8
15.3,6,0,7,3.5,110.9
43.8,6,6,10,7.1,88.3
49.8,8,11,4,1.6,81.1
18.4,12,9,5,2.5,55.7
22.4,5,4,10,1.6,82.2
36.1,14,11,6,9.5,8.7
44.3,3,17,9,4.1,72.4
29.7,12,9,0,3.4,68.7
19.6,3,5,7,0.1,44.9
20.6,13,11,3,1.5,28.2
34.8,6,6,8,4.2,97.9
0.2,2,17,0,0.7,11.2
31.0,6,1,10,5.1,13.0
17.8,13,9,1,4.6,55.7
39.7,6,14,5,7.7,34.0
4.6,8,11,10,6.6,90.7
29.4,7,16,9,4.5,77.9
24.0,8,3,10,2.2,93.8
32.1,14,6,0,7.3,42.3
3.2,9,8,3,7.1,90.2
29.0,6,18,7,1.5,104.2
28.1,14,6,9,9.1,44.7
28.0,3,1,4,0.6,44.1
30.2,10,5,8,0.6,108.5
33.8,3,17,10,1.9,10.7
40.2,11,5,10,9.1,45.3
13.5,12,12,5,5.2,18.6
41.3,1,18,0,7.9,8.3
24.9,11,1,5,2.3,18.0
3.9,13,11,5,4.9,54.6
2.9,5,14,5,3.6,84.0
16.7,14,13,7,8.3,38.3
39.2,4,5,5,0.2,102.7
35.4,9,17,4,2.4,55.3
39.4,9,4,10,1.5,116.3
25.9,14,17,1,8.6,114.7
22.0,5,2,3,4.7,93.9
7.4,10,2,9,4.0,112.2
16.4,4,9,4,4.5,86.3
21.7,7,18,9,9.7,108.0
4.4,6,2,3,8.5,32.2
11.0,4,11,1,7.1,44.7
29.9,13,15,6,2.9,91.6
36.8,13,16,9,1.7,53.8
49.9,10,6,9,9.2,101.3
46.7,2,12,1,4.2,105.9
32.1,1,1,0,2.8,39.5
21.1,4,3,4,4.7,99.7
31.8,4,9,0,9.2,22.7
39.3,13,6,0,3.9,43.4
5.9,1,16,0,5.6,64.6
20.5,6,19,5,8.0,31.0
42.0,4,5,8,4.3,71.6
19.2,1,18,9,2.3,71.5
28.6,1,4,10,9.9,28.8
29.4,13,9,0,9.6,96.5
9.2,1,8,4,8.4,77.6
18.1,8,12,8,6.9,41.5
16.7,10,18,8,2.9,31.7
1.3,8,20,0,9.1,106.1
1.2,2,5,7,2.8,101.1
41.6,11,3,0,8.0,31.4
13.7,13,2,7,9.2,9.1
25.9,7,2,0,6.0,97.5
14.9,14,3,4,8.0,75.8
47.0,8,4,7,7.9,16.6
13.0,8,7,5,1.9,72.5
21.5,11,15,8,6.7,57.0
43.6,10,2,0,0.9,94.1
42.1,11,11,8,5.1,29.0
9.3,13,7,0,1.6,57.1
40.1,7,12,9,4.2,23.0
22.9,5,3,9,8.3,115.1
24.1,1,13,2,9.9,94.6
6.7,12,13,0,3.2,89.7
4.0,9,12,2,5.3,84.4
36.4,13,5,10,5.1,53.7
24.8,7,16,1,9.5,111.2
21.8,2,3,1,4.8,13.4
36.5,6,7,8,7.0,97.4
38.3,2,16,7,9.2,29.8
7.9,1,2,0,3.7,42.3
30.5,14,16,3,9.0,64.7
6.8,7,8,0,9.2,95.0
37.6,13,1,0,9.3,101.4
32.8,2,12,3,2.7,72.1
47.8,13,19,1,4.0,51.3
3.4,14,1,2,8.7,113.8
2.9,14,19,10,3.6,33.3
14.1,2,10,8,6.0,97.4
13.1,13,14,1,1.2,75.4
12.3,11,10,3,0.6,48.3
45.3,5,2,0,4.1,5.2
12.5,14,2,1,5.8,56.4
13.6,5,11,4,3.9,36.8
38.0,7,4,9,5.8,17.0
22.5,1,19,0,5.2,13.6
38.8,8,6,10,6.9,45.0
3.3,3,6,6,6.5,75.7
24.4,4,12,3,4.2,101.3
1.7,9,8,5,4.2,26.1
3.1,4,20,7,1.4,53.8
45.3,10,12,5,5.1,50.1
7.0,12,11,1,5.9,64.0
26.6,5,12,0,4.8,98.1
20.6,7,9,7,3.3,68.7
17.4,4,0,7,7.2,102.4
45.0,14,7,8,0.7,64.6
1.1,1,15,5,9.1,74.4
33.2,9,12,0,0.2,55.3
48.2,4,2,8,9.6,99.7
28.0,9,2,2,4.6,111.2
46.8,6,4,10,4.1,78.5
2.6,1,10,5,2.6,99.4
20.9,12,6,9,0.1,11.8
13.0,3,20,9,2.7,109.2
36.5,11,9,10,1.1,26.7
49.1,2,9,8,6.6,34.5
12.8,9,19,10,3.2,11.1
32.7,12,1,2,7.7,116.0
9.9,1,2,4,2.1,103.0
28.3,13,7,4,9.0,110.0
23.2,14,10,9,5.2,102.4
48.6,9,12,6,1.1,60.1
30.4,9,6,3,4.0,111.3
17.5,8,12,10,2.1,116.5
5.7,8,1,3,2.0,62.8
7.6,11,5,6,5.1,25.2
11.3,14,8,8,6.7,80.7
12.5,12,19,10,9.1,117.2
42.5,1,1,3,5.0,105.3
28.1,11,17,3,9.7,104.1
26.2,8,15,5,9.4,112.4
5.7,10,11,5,8.7,107.8
43.0,14,6,6,5.0,94.3
36.1,3,6,0,1.4,87.6
3.4,11,16,10,2.2,35.4
35.4,7,12,2,6.5,76.5
27.2,11,10,8,4.2,65.0
4.1,1,5,5,1.5,104.1
22.9,1,13,5,4.8,61.5
24.2,10,5,4,0.2,19.7
8.3,13,5,10,7.3,5.6
47.3,5,1,2,0.7,83.0
42.5,5,19,10,6.3,68.2
33.5,8,14,4,7.9,43.1
23.1,7,16,0,1.3,24.4
20.6,8,7,2,5.2,58.7
32.5,6,4,3,7.8,16.5
27.3,6,16,4,2.6,43.7
3.1,2,19,9,1.6,48.6
25.6,6,0,8,3.4,58.5
40.3,5,17,3,5.5,58.7
23.0,13,14,2,5.8,34.6
2.6,3,4,9,1.3,102.8
39.3,6,6,0,4.6,45.9
10.1,8,17,9,2.7,31.4
12.9,9,5,5,8.4,25.2
8.2,1,20,6,3.1,42.1
16.5,3,4,9,8.4,12.8
37.8,3,18,7,4.3,8.8
26.0,11,9,0,7.3,74.6
10.2,8,14,3,5.1,76.2
43.9,1,9,10,6.2,65.9
44.0,5,15,4,4.0,92.7
43.5,3,11,1,7.7,9.5
11.9,2,17,0,4.3,112.6
22.6,8,0,7,4.6,15.9
49.2,3,15,5,5.2,82.5
38.6,7,5,4,8.3,20.3
1.4,12,2,8,6.6,106.2
3.3,11,1,10,3.5,63.7
23.2,1,1,10,6.7,14.5
45.5,6,12,1,6.4,75.9
26.9,3,8,9,9.3,6.0
24.9,8,15,7,8.4,94.2
5.3,6,4,10,6.5,79.8
32.8,12,20,9,3.4,29.5
41.1,2,6,8,7.8,48.1
19.0,6,12,0,5.8,5.9
38.8,7,19,6,9.9,84.8
48.2,5,12,7,2.5,42.1
10.2,3,6,2,0.8,70.7
26.2,4,9,3,0.7,115.0
14.4,4,14,2,6.4,39.4
39.6,6,20,6,9.4,118.9
28.9,10,5,8,0.0,77.8
31.7,1,4,2,7.3,32.8
39.9,11,1,5,6.6,55.2
19.8,4,20,7,7.3,90.2
45.8,10,14,5,3.6,56.3
26.7,13,15,1,8.2,12.9
7.9,4,18,6,0.4,24.4
34.8,10,8,1,7.6,96.0
39.7,1,18,1,2.7,79.6
15.8,9,6,1,4.8,70.5
42.9,4,3,10,8.2,24.3
45.3,7,2,0,2.7,101.3
13.8,12,19,10,1.9,115.5
49.2,14,10,0,6.8,9.7
7.0,3,0,6,5.3,14.0
10.1,10,5,4,5.1,106.7
9.2,12,10,10,2.6,98.8
44.7,3,0,2,0.3,76.1
32.7,14,20,0,4.1,113.7
7.6,8,6,10,1.1,79.3
22.0,8,5,9,9.1,29.8
30.8,11,13,5,0.4,88.8
4.2,12,1,10,4.3,79.3
44.1,1,3,0,0.5,118.4
40.2,10,10,8,1.0,29.6
25.3,2,14,1,6.6,73.8
48.4,8,17,0,6.5,94.7
20.9,1,0,6,0.3,44.0
49.2,12,2,5,0.0,48.7
33.4,8,2,5,0.8,107.1
31.7,8,6,4,7.6,51.5
8.3,2,0,10,5.8,76.8
44.1,4,10,3,0.4,107.3
21.4,6,5,10,4.9,29.1
8.1,12,19,3,7.1,117.9
0.6,11,2,2,8.7,85.7
28.0,9,18,9,9.3,62.1
26.4,8,1,7,3.3,54.6
36.0,12,17,6,1.4,114.8
44.5,8,11,8,2.4,28.7
4.0,7,9,0,7.8,40.8
36.6,14,4,6,9.7,40.4
9.4,13,8,9,4.7,38.2
42.9,9,1,3,3.1,58.9
41.0,2,1,6,4.3,118.8
27.0,3,5,0,3.0,107.2
35.5,10,9,4,2.6,42.7
15.7,8,17,2,5.9,53.6
23.6,14,11,4,0.2,82.0
41.1,6,3,3,2.6,7.0
23.0,10,20,1,6.6,99.3
17.9,9,16,10,0.3,106.2
24.7,10,14,3,0.8,103.6
41.4,4,5,2,2.9,48.1
16.8,8,15,0,8.8,58.1
8.7,10,16,9,7.6,6.4
35.6,3,2,7,0.2,50.9
41.3,3,9,4,5.0,57.9
5.0,8,4,3,2.7,109.3
12.0,5,13,9,6.5,107.8
7.1,3,20,4,7.2,116.1
17.4,10,12,3,8.6,106.8
22.5,11,5,2,4.8,5.9
37.4,1,11,4,9.9,78.8
32.6,3,7,3,9.8,12.8
31.0,12,4,0,8.8,36.3
17.6,9,14,2,5.7,71.5
42.1,5,15,9,4.0,85.6
23.6,12,0,9,3.6,80.3
49.0,10,15,7,0.1,10.6
31.7,2,4,6,2.5,16.9
6.3,7,2,1,7.2,19.8
33.8,2,19,0,6.0,15.5
16.3,4,14,2,9.2,25.5
34.3,12,12,4,0.5,84.2
3.5,7,15,9,1.6,100.5
8.7,4,10,10,7.9,52.0
42.8,7,20,0,3.6,84.7
11.4,7,1,2,1.2,28.0
41.9,1,5,2,10.0,116.9
14.0,6,5,4,7.9,45.2
32.1,9,13,2,4.1,102.3
34.7,2,10,8,8.2,113.7
25.6,14,7,0,6.8,104.4
15.3,3,7,3,7.9,12.7
10.6,10,0,9,8.2,79.8
1.7,5,20,9,0.8,18.8
15.2,9,6,3,6.2,5.7
32.7,4,5,0,0.1,11.0
46.9,1,20,1,0.4,110.4
43.6,4,7,10,9.0,109.5
38.3,6,18,0,5.3,31.0
39.4,5,20,5,7.4,67.9
33.2,14,19,2,8.4,114.8
13.0,13,7,6,9.5,62.1
45.4,1,13,4,8.7,50.3
33.5,4,17,8,4.8,60.6
28.0,6,15,6,3.4,95.9
5.5,13,8,3,1.5,59.9
22.4,10,14,4,4.0,95.1
23.0,10,9,4,3.7,54.6
43.2,14,15,10,5.6,34.0
27.3,4,3,4,6.7,42.5
19.0,14,19,9,9.8,13.9
48.8,9,12,8,7.3,62.2
5.5,5,4,9,6.4,22.0
21.1,8,6,2,3.4,98.3
2.1,9,8,5,0.3,53.4
37.0,10,7,7,2.9,93.0
45.9,5,15,10,7.7,114.8
14.0,6,5,8,2.1,102.7
42.9,1,15,6,7.1,114.4
14.6,11,5,2,5.8,70.3
45.5,12,13,0,1.7,24.0
37.7,7,20,3,2.6,112.6
40.2,4,0,5,5.0,104.9
0.9,11,8,2,4.2,104.4
48.1,2,12,0,7.8,84.7
36.3,5,18,5,7.3,76.9
15.2,12,16,0,5.7,6.7
41.5,3,10,8,8.2,91.0
14.1,6,7,10,5.6,15.5
43.6,8,4,0,9.6,34.9
5.6,7,9,5,2.2,68.4
35.2,3,6,0,7.1,56.9
27.0,8,9,6,3.7,6.8
4.8,2,3,2,2.8,99.8
12.1,10,8,5,1.8,106.1
0.6,9,13,6,5.5,83.4
23.4,4,1,0,2.2,67.2
15.1,1,8,0,2.0,115.5
29.9,8,20,4,9.9,18.8
14.9,7,0,5,8.0,89.9
15.0,11,9,8,7.5,19.8
37.2,13,9,0,7.9,48.9
2.4,5,19,3,9.7,72.3
45.1,10,2,9,5.7,89.8
42.6,13,5,7,2.2,5.4
33.4,5,5,9,8.6,35.0
29.7,7,20,8,7.4,66.9
44.6,5,1,2,4.1,66.3
9.3,8,17,10,4.7,78.3
3.9,11,1,1,4.1,39.9
12.0,13,11,3,9.3,67.2
39.7,6,4,1,3.4,26.8
1.7,13,19,0,9.6,26.5
29.1,5,6,2,9.1,71.3
49.8,9,15,6,6.3,83.8
42.8,11,19,0,5.8,18.8
26.1,2,0,1,3.7,19.1
3.2,1,0,0,0.2,70.0
41.6,8,16,7,1.3,36.1
29.9,12,0,4,7.5,50.1
5.7,3,20,7,4.7,51.1
4.7,14,19,2,1.5,25.5
45.5,11,12,6,2.6,5.2
33.5,12,8,7,9.5,103.1
41.5,12,14,5,3.7,87.2
43.9,12,2,6,9.1,84.4
28.6,7,13,1,3.0,67.8
25.9,10,10,7,5.4,85.6
21.5,13,11,4,0.2,112.6
15.8,11,12,6,5.2,81.6
21.7,8,12,0,6.4,35.5
38.7,13,0,4,2.3,70.6
30.1,13,9,0,5.8,55.9
44.6,6,2,7,6.5,69.0
22.2,12,3,3,6.9,64.5
30.4,10,15,3,7.8,103.8
31.6,14,7,1,3.1,80.0
29.6,9,15,4,5.7,26.7
35.1,7,16,0,9.8,12.2
11.9,10,18,8,9.0,53.8
25.6,5,14,4,9.5,6.8
5.2,8,15,5,3.9,41.6
19.2,2,14,1,7.9,47.3
24.4,7,1,9,6.2,48.2
32.6,4,10,9,0.8,117.6
47.5,9,0,0,8.2,39.9
30.0,12,14,3,6.8,35.5
37.2,1,18,6,2.0,19.9
25.3,7,3,5,0.8,63.8
31.7,6,10,9,8.4,22.7
3.5,8,4,0,0.8,75.9
12.7,5,2,0,0.9,22.8
18.1,1,12,7,4.3,71.3
23.6,1,9,3,1.3,100.0
2.3,9,10,4,9.1,9.9
7.0,10,17,6,4.7,53.3
13.8,6,1,7,5.7,58.0
48.6,10,6,9,9.3,96.0
16.6,5,8,6,5.3,58.8
24.1,1,9,1,3.5,70.3
9.8,6,17,3,8.0,96.0
30.5,6,6,9,4.4,69.4
14.0,3,6,0,3.2,46.2
10.3,13,2,9,7.2,14.9
25.8,8,11,8,8.0,88.9
0.3,14,6,2,7.9,105.2
0.4,1,16,2,9.8,116.6
11.0,1,0,9,7.9,111.6
1.8,6,4,8,7.7,96.7
5.4,10,15,9,8.6,79.0
16.9,13,14,2,0.0,94.9
40.1,1,1,7,3.6,54.7
28.6,6,8,1,7.4,73.4
25.6,1,6,2,6.0,45.1
14.7,14,3,1,1.8,42.6
46.6,13,19,0,3.0,92.0
19.9,6,17,1,3.4,57.2
4.4,3,20,7,5.7,29.4
30.9,14,3,8,8.3,28.2
5.7,14,12,1,9.3,103.8
17.3,8,0,6,7.5,82.9
25.4,13,2,4,8.4,67.8
43.7,6,15,2,4.7,51.1
24.7,13,3,8,3.9,54.5
35.1,11,15,5,3.9,11.6
49.6,13,18,10,6.2,57.3
6.6,1,0,0,1.2,96.5
13.7,5,4,4,5.8,49.6
19.7,8,18,6,6.7,49.1
21.1,3,10,3,4.4,6.8
20.6,12,12,7,9.5,57.7
45.4,6,19,9,6.1,7.9
35.7,5,4,4,2.2,70.6
30.4,6,20,8,4.8,63.3
15.5,10,3,8,6.8,101.6
41.2,1,3,8,3.2,71.9
47.8,7,3,0,0.8,42.2
41.1,9,3,1,5.8,64.4
0.1,2,19,2,9.5,85.5
31.8,10,20,3,4.9,15.8
2.6,5,17,9,9.1,76.4
12.9,10,17,8,8.4,110.4
3.0,4,15,9,1.5,39.4
30.2,6,8,5,7.1,77.1
34.3,6,17,0,4.4,99.5
5.7,11,1,8,2.5,63.9
19.2,2,20,5,6.9,87.6
22.8,2,3,3,7.4,40.8
18.5,4,11,3,1.8,40.2
6.1,1,6,2,9.1,81.8
20.9,9,14,6,7.5,86.1
37.6,14,6,2,9.3,112.8
3.6,14,20,1,3.2,30.9
4.0,13,16,9,9.4,58.8
17.7,7,15,7,3.7,33.8
47.1,12,18,3,0.5,14.2
33.4,7,8,7,7.6,51.4
33.9,3,13,0,7.0,48.0
18.1,11,16,4,6.0,36.1
29.7,12,4,8,4.9,39.2
0.5,3,1,0,0.3,46.4
31.8,1,19,10,6.2,118.7
45.7,3,15,3,4.2,95.0
30.6,3,13,5,5.6,13.2
43.7,4,13,9,4.3,105.3
36.2,4,0,7,9.7,77.8
6.0,3,2,2,6.0,107.4
45.1,10,6,4,7.5,44.3
3.3,12,14,6,9.4,58.4
26.7,8,18,0,5.9,108.1
7.1,8,19,6,0.1,36.3
0.6,13,1,10,0.3,110.3
21.1,13,18,7,7.0,100.3
14.8,1,8,7,2.8,117.8
24.3,7,18,8,5.8,42.3
28.9,11,4,5,2.0,32.1
2.2,2,17,5,2.7,43.0
6.2,1,15,1,5.0,114.8
27.9,3,3,2,9.8,43.3
17.2,4,11,3,6.2,70.0
36.5,13,6,3,9.4,51.4
32.6,6,13,7,9.6,50.6
42.3,10,11,0,2.1,27.2
34.6,14,2,9,3.1,66.8
21.5,5,4,3,7.7,102.7
33.6,14,16,10,8.7,10.7
13.8,4,9,10,5.2,107.3
15.3,8,9,10,9.9,81.5
39.4,11,10,3,0.1,75.9
22.3,12,16,0,3.0,77.0
39.9,14,4,2,6.2,39.1
41.1,4,12,4,4.7,52.7
42.9,13,9,5,1.2,96.9
45.8,10,8,8,3.7,40.2
21.5,12,16,8,0.3,59.1
15.9,13,0,8,6.4,7.3
29.1,2,3,10,8.9,89.4
18.6,3,3,0,8.8,53.0
30.1,6,17,8,7.0,65.4
35.3,8,8,7,4.7,18.2
34.4,8,17,1,5.1,119.0
18.7,11,13,10,1.4,39.8
8.3,9,14,0,3.4,78.0
21.5,7,5,0,1.9,71.8
7.1,13,9,5,8.2,95.3
44.5,2,14,8,9.1,38.8
17.3,8,3,6,5.4,91.9
7.7,7,17,4,7.3,49.0
1.3,8,17,10,1.2,52.3
32.3,12,16,1,6.1,82.4
31.8,3,11,0,7.0,95.2
17.0,7,6,1,4.5,81.7
3.6,10,15,0,2.4,108.5
20.5,13,10,2,8.8,37.8
15.6,9,13,5,7.4,108.6
33.9,3,2,7,9.0,20.0
30.3,14,18,2,8.2,80.8
18.2,10,17,9,9.9,68.0
10.9,6,9,8,1.9,61.9
49.4,2,5,9,0.9,40.8
22.7,2,12,4,3.4,62.9
34.4,5,9,6,1.3,23.6
7.0,5,17,7,5.2,47.5
24.3,13,19,2,6.3,16.3
1.4,7,15,1,5.8,70.8
25.3,12,5,1,2.6,16.0
48.2,2,12,4,9.1,23.4
19.2,11,3,0,0.2,14.8
1.9,14,13,1,3.5,48.9
1.5,13,0,8,7.2,101.8
19.4,7,19,6,7.7,109.3
8.0,5,4,5,4.2,13.3
1.2,14,7,8,0.2,78.0
37.8,6,11,6,6.2,83.7
22.9,8,1,10,0.6,66.4
14.5,10,11,4,1.1,81.7
45.0,13,4,8,6.5,31.9
5.8,14,4,5,3.1,61.3
47.8,12,12,5,3.5,50.0
15.7,4,8,10,4.9,15.3
44.4,13,9,3,9.8,76.9
30.1,7,0,0,9.7,61.9
41.3,6,2,4,4.2,36.6
49.2,10,17,10,2.7,59.5
14.4,2,11,8,3.0,94.2
48.1,8,2,7,2.7,97.2
19.5,10,8,7,5.3,79.7
19.3,9,1,4,6.1,58.8
17.0,5,2,8,4.9,71.2
27.1,10,13,2,4.1,49.3
7.7,4,3,2,2.1,19.6
27.7,6,18,0,4.8,49.3
27.1,8,12,8,3.4,66.0
38.1,11,6,5,5.4,73.9
41.7,3,11,1,6.8,112.6
22.0,10,2,7,6.3,94.4
15.1,11,8,8,4.6,22.5
13.0,11,1,8,5.6,25.0
9.7,1,8,1,2.8,16.6
2.9,4,11,1,0.2,89.9
17.1,4,11,6,6.3,86.2
13.5,1,14,10,2.5,118.4
48.3,9,1,3,6.7,65.0
27.9,3,17,0,7.5,100.0
17.4,5,12,7,9.2,71.3
29.0,6,13,1,9.6,105.5
7.0,8,4,2,0.1,87.9
22.2,6,9,4,9.9,78.9
31.3,3,11,2,6.8,70.0
24.4,6,9,6,6.4,88.1
20.1,1,10,6,0.2,53.3
49.7,4,1,1,8.6,16.1
44.0,6,4,6,1.5,9.6
31.2,7,6,10,8.4,60.1
28.5,11,5,5,0.2,73.9
31.0,13,2,9,6.5,14.1
10.1,11,12,8,4.3,38.0
19.8,10,2,8,2.0,42.0
2.0,3,20,1,1.1,69.7
23.8,9,5,6,4.4,37.0
27.2,12,10,4,1.2,16.0
11.4,12,16,5,4.9,24.0
48.2,7,9,0,6.3,25.0
45.5,14,11,6,8.3,101.9
36.1,1,16,5,6.8,37.7
26.7,2,3,3,0.7,87.2
43.5,1,1,0,3.1,70.3
6.5,11,10,8,2.9,117.4
39.5,9,6,3,9.2,36.4
6.2,9,1,1,8.7,23.2
39.7,7,17,7,3.7,11.0
13.8,10,20,1,0.7,32.7
43.9,3,3,4,8.9,83.7
47.2,13,7,10,8.9,14.8
7.4,5,19,5,8.5,33.1
23.1,4,13,10,8.5,103.4
49.0,7,11,7,4.8,72.0
24.2,14,20,10,1.8,13.0
43.2,9,17,0,4.8,10.5
29.4,12,10,0,4.9,12.0
18.8,2,7,3,4.9,113.3
14.3,13,1,4,5.4,102.7
10.2,8,14,8,2.6,102.2
38.1,9,8,10,3.7,111.3
19.3,10,18,6,4.3,63.1
25.6,14,19,6,1.3,33.4
24.6,10,7,7,4.6,51.2
28.9,9,18,4,8.1,87.7
43.3,14,4,4,8.3,105.7
49.0,10,10,0,4.1,55.0
20.4,14,14,8,5.2,66.6
